case_id,judge,model_id,load_mode,verdict,error_class,severity,confidence,reason,raw_output,inference_error
SGX3_HELDOUT-FAMILY_rate_sum_without_duration_005,judge_B,microsoft/Phi-3.5-mini-instruct,fp16,UNPARSED,,,,,,"AttributeError(""'DynamicCache' object has no attribute 'seen_tokens'"")"
SGX3_BLIND_flood_remote_sensing_041,judge_B,microsoft/Phi-3.5-mini-instruct,fp16,UNPARSED,,,,,,"AttributeError(""'DynamicCache' object has no attribute 'seen_tokens'"")"
SGX3_DEVELOPMENT_categorical_interpolation_002,judge_B,microsoft/Phi-3.5-mini-instruct,fp16,UNPARSED,,,,,,"AttributeError(""'DynamicCache' object has no attribute 'seen_tokens'"")"
SGX3_BLIND_flood_depth_043,judge_B,microsoft/Phi-3.5-mini-instruct,fp16,UNPARSED,,,,,,"AttributeError(""'DynamicCache' object has no attribute 'seen_tokens'"")"
SGX3_HELDOUT-FAMILY_scene_overlap_leakage_001,judge_B,microsoft/Phi-3.5-mini-instruct,fp16,UNPARSED,,,,,,"AttributeError(""'DynamicCache' object has no attribute 'seen_tokens'"")"
SGX3_HELDOUT-FAMILY_temporal_split_overlap_003,judge_B,microsoft/Phi-3.5-mini-instruct,fp16,UNPARSED,,,,,,"AttributeError(""'DynamicCache' object has no attribute 'seen_tokens'"")"
SGX3_HELDOUT-FAMILY_multisensor_time_mismatch_008,judge_B,microsoft/Phi-3.5-mini-instruct,fp16,UNPARSED,,,,,,"AttributeError(""'DynamicCache' object has no attribute 'seen_tokens'"")"
SGX3_DEVELOPMENT_categorical_interpolation_003,judge_B,microsoft/Phi-3.5-mini-instruct,fp16,UNPARSED,,,,,,"AttributeError(""'DynamicCache' object has no attribute 'seen_tokens'"")"
SGX3_DEVELOPMENT_band_grid_mismatch_002,judge_B,microsoft/Phi-3.5-mini-instruct,fp16,UNPARSED,,,,,,"AttributeError(""'DynamicCache' object has no attribute 'seen_tokens'"")"
SGX3_HELDOUT-FAMILY_multisensor_time_mismatch_014,judge_B,microsoft/Phi-3.5-mini-instruct,fp16,UNPARSED,,,,,,"AttributeError(""'DynamicCache' object has no attribute 'seen_tokens'"")"
SGX3_BLIND_flood_depth_002,judge_B,microsoft/Phi-3.5-mini-instruct,fp16,UNPARSED,,,,,,"AttributeError(""'DynamicCache' object has no attribute 'seen_tokens'"")"
SGX3_BLIND_flood_remote_sensing_035,judge_B,microsoft/Phi-3.5-mini-instruct,fp16,UNPARSED,,,,,,"AttributeError(""'DynamicCache' object has no attribute 'seen_tokens'"")"
SGX3_HELDOUT-FAMILY_quality_metadata_loss_001,judge_B,microsoft/Phi-3.5-mini-instruct,fp16,UNPARSED,,,,,,"AttributeError(""'DynamicCache' object has no attribute 'seen_tokens'"")"
SGX3_HELDOUT-FAMILY_vertical_datum_mismatch_000,judge_B,microsoft/Phi-3.5-mini-instruct,fp16,UNPARSED,,,,,,"AttributeError(""'DynamicCache' object has no attribute 'seen_tokens'"")"
SGX3_BLIND_eo_ml_validation_031,judge_B,microsoft/Phi-3.5-mini-instruct,fp16,UNPARSED,,,,,,"AttributeError(""'DynamicCache' object has no attribute 'seen_tokens'"")"
SGX3_BLIND_eo_ml_validation_015,judge_B,microsoft/Phi-3.5-mini-instruct,fp16,UNPARSED,,,,,,"AttributeError(""'DynamicCache' object has no attribute 'seen_tokens'"")"
SGX3_BLIND_flood_remote_sensing_018,judge_B,microsoft/Phi-3.5-mini-instruct,fp16,UNPARSED,,,,,,"AttributeError(""'DynamicCache' object has no attribute 'seen_tokens'"")"
SGX3_BLIND_landcover_change_017,judge_B,microsoft/Phi-3.5-mini-instruct,fp16,UNPARSED,,,,,,"AttributeError(""'DynamicCache' object has no attribute 'seen_tokens'"")"
SGX3_HELDOUT-FAMILY_vertical_datum_unknown_001,judge_B,microsoft/Phi-3.5-mini-instruct,fp16,UNPARSED,,,,,,"AttributeError(""'DynamicCache' object has no attribute 'seen_tokens'"")"
SGX3_HELDOUT-FAMILY_temporal_split_overlap_000,judge_B,microsoft/Phi-3.5-mini-instruct,fp16,UNPARSED,,,,,,"AttributeError(""'DynamicCache' object has no attribute 'seen_tokens'"")"
SGX3_BLIND_eo_ml_validation_013,judge_B,microsoft/Phi-3.5-mini-instruct,fp16,UNPARSED,,,,,,"AttributeError(""'DynamicCache' object has no attribute 'seen_tokens'"")"
SGX3_BLIND_eo_ml_validation_010,judge_B,microsoft/Phi-3.5-mini-instruct,fp16,UNPARSED,,,,,,"AttributeError(""'DynamicCache' object has no attribute 'seen_tokens'"")"
SGX3_BLIND_flood_depth_045,judge_B,microsoft/Phi-3.5-mini-instruct,fp16,UNPARSED,,,,,,"AttributeError(""'DynamicCache' object has no attribute 'seen_tokens'"")"
SGX3_BLIND_eo_ml_validation_049,judge_B,microsoft/Phi-3.5-mini-instruct,fp16,UNPARSED,,,,,,"AttributeError(""'DynamicCache' object has no attribute 'seen_tokens'"")"
SGX3_HELDOUT-FAMILY_physical_range_violation_000,judge_B,microsoft/Phi-3.5-mini-instruct,fp16,UNPARSED,,,,,,"AttributeError(""'DynamicCache' object has no attribute 'seen_tokens'"")"
SGX3_HELDOUT-FAMILY_temporal_split_overlap_011,judge_B,microsoft/Phi-3.5-mini-instruct,fp16,UNPARSED,,,,,,"AttributeError(""'DynamicCache' object has no attribute 'seen_tokens'"")"
SGX3_HELDOUT-FAMILY_scene_overlap_leakage_006,judge_B,microsoft/Phi-3.5-mini-instruct,fp16,UNPARSED,,,,,,"AttributeError(""'DynamicCache' object has no attribute 'seen_tokens'"")"
SGX3_BLIND_landcover_change_025,judge_B,microsoft/Phi-3.5-mini-instruct,fp16,UNPARSED,,,,,,"AttributeError(""'DynamicCache' object has no attribute 'seen_tokens'"")"
SGX3_BLIND_landslide_forecast_021,judge_B,microsoft/Phi-3.5-mini-instruct,fp16,UNPARSED,,,,,,"AttributeError(""'DynamicCache' object has no attribute 'seen_tokens'"")"
SGX3_BLIND_flood_remote_sensing_049,judge_B,microsoft/Phi-3.5-mini-instruct,fp16,UNPARSED,,,,,,"AttributeError(""'DynamicCache' object has no attribute 'seen_tokens'"")"
SGX3_BLIND_landcover_change_037,judge_B,microsoft/Phi-3.5-mini-instruct,fp16,UNPARSED,,,,,,"AttributeError(""'DynamicCache' object has no attribute 'seen_tokens'"")"
SGX3_DEVELOPMENT_rate_mean_as_accumulation_003,judge_B,microsoft/Phi-3.5-mini-instruct,fp16,UNPARSED,,,,,,"AttributeError(""'DynamicCache' object has no attribute 'seen_tokens'"")"
SGX3_DEVELOPMENT_spatial_split_leakage_000,judge_B,microsoft/Phi-3.5-mini-instruct,fp16,UNPARSED,,,,,,"AttributeError(""'DynamicCache' object has no attribute 'seen_tokens'"")"
SGX3_BLIND_landcover_change_044,judge_B,microsoft/Phi-3.5-mini-instruct,fp16,UNPARSED,,,,,,"AttributeError(""'DynamicCache' object has no attribute 'seen_tokens'"")"
SGX3_BLIND_eo_ml_validation_027,judge_B,microsoft/Phi-3.5-mini-instruct,fp16,UNPARSED,,,,,,"AttributeError(""'DynamicCache' object has no attribute 'seen_tokens'"")"
SGX3_HELDOUT-FAMILY_uncertainty_missing_009,judge_B,microsoft/Phi-3.5-mini-instruct,fp16,UNPARSED,,,,,,"AttributeError(""'DynamicCache' object has no attribute 'seen_tokens'"")"
SGX3_BLIND_eo_ml_validation_030,judge_B,microsoft/Phi-3.5-mini-instruct,fp16,UNPARSED,,,,,,"AttributeError(""'DynamicCache' object has no attribute 'seen_tokens'"")"
SGX3_HELDOUT-FAMILY_physical_range_violation_007,judge_B,microsoft/Phi-3.5-mini-instruct,fp16,UNPARSED,,,,,,"AttributeError(""'DynamicCache' object has no attribute 'seen_tokens'"")"
SGX3_DEVELOPMENT_future_information_007,judge_B,microsoft/Phi-3.5-mini-instruct,fp16,UNPARSED,,,,,,"AttributeError(""'DynamicCache' object has no attribute 'seen_tokens'"")"
SGX3_BLIND_flood_depth_039,judge_B,microsoft/Phi-3.5-mini-instruct,fp16,UNPARSED,,,,,,"AttributeError(""'DynamicCache' object has no attribute 'seen_tokens'"")"
SGX3_DEVELOPMENT_band_grid_mismatch_000,judge_B,microsoft/Phi-3.5-mini-instruct,fp16,UNPARSED,,,,,,"AttributeError(""'DynamicCache' object has no attribute 'seen_tokens'"")"
SGX3_DEVELOPMENT_future_information_006,judge_B,microsoft/Phi-3.5-mini-instruct,fp16,UNPARSED,,,,,,"AttributeError(""'DynamicCache' object has no attribute 'seen_tokens'"")"
SGX3_HELDOUT-FAMILY_scene_overlap_leakage_010,judge_B,microsoft/Phi-3.5-mini-instruct,fp16,UNPARSED,,,,,,"AttributeError(""'DynamicCache' object has no attribute 'seen_tokens'"")"
SGX3_BLIND_landcover_change_022,judge_B,microsoft/Phi-3.5-mini-instruct,fp16,UNPARSED,,,,,,"AttributeError(""'DynamicCache' object has no attribute 'seen_tokens'"")"
SGX3_BLIND_flood_remote_sensing_012,judge_B,microsoft/Phi-3.5-mini-instruct,fp16,UNPARSED,,,,,,"AttributeError(""'DynamicCache' object has no attribute 'seen_tokens'"")"
SGX3_BLIND_landcover_change_013,judge_B,microsoft/Phi-3.5-mini-instruct,fp16,UNPARSED,,,,,,"AttributeError(""'DynamicCache' object has no attribute 'seen_tokens'"")"
SGX3_BLIND_flood_depth_024,judge_B,microsoft/Phi-3.5-mini-instruct,fp16,UNPARSED,,,,,,"AttributeError(""'DynamicCache' object has no attribute 'seen_tokens'"")"
SGX3_DEVELOPMENT_categorical_interpolation_004,judge_B,microsoft/Phi-3.5-mini-instruct,fp16,UNPARSED,,,,,,"AttributeError(""'DynamicCache' object has no attribute 'seen_tokens'"")"
SGX3_HELDOUT-FAMILY_uncertainty_missing_014,judge_B,microsoft/Phi-3.5-mini-instruct,fp16,UNPARSED,,,,,,"AttributeError(""'DynamicCache' object has no attribute 'seen_tokens'"")"
SGX3_DEVELOPMENT_spectral_role_002,judge_B,microsoft/Phi-3.5-mini-instruct,fp16,UNPARSED,,,,,,"AttributeError(""'DynamicCache' object has no attribute 'seen_tokens'"")"
SGX3_BLIND_flood_depth_033,judge_B,microsoft/Phi-3.5-mini-instruct,fp16,UNPARSED,,,,,,"AttributeError(""'DynamicCache' object has no attribute 'seen_tokens'"")"
SGX3_DEVELOPMENT_spatial_split_leakage_006,judge_B,microsoft/Phi-3.5-mini-instruct,fp16,UNPARSED,,,,,,"AttributeError(""'DynamicCache' object has no attribute 'seen_tokens'"")"
SGX3_HELDOUT-FAMILY_multisensor_time_mismatch_004,judge_B,microsoft/Phi-3.5-mini-instruct,fp16,UNPARSED,,,,,,"AttributeError(""'DynamicCache' object has no attribute 'seen_tokens'"")"
SGX3_BLIND_flood_remote_sensing_014,judge_B,microsoft/Phi-3.5-mini-instruct,fp16,UNPARSED,,,,,,"AttributeError(""'DynamicCache' object has no attribute 'seen_tokens'"")"
SGX3_HELDOUT-FAMILY_physical_range_violation_009,judge_B,microsoft/Phi-3.5-mini-instruct,fp16,UNPARSED,,,,,,"AttributeError(""'DynamicCache' object has no attribute 'seen_tokens'"")"
SGX3_BLIND_flood_depth_011,judge_B,microsoft/Phi-3.5-mini-instruct,fp16,UNPARSED,,,,,,"AttributeError(""'DynamicCache' object has no attribute 'seen_tokens'"")"
SGX3_DEVELOPMENT_spectral_role_000,judge_B,microsoft/Phi-3.5-mini-instruct,fp16,UNPARSED,,,,,,"AttributeError(""'DynamicCache' object has no attribute 'seen_tokens'"")"
SGX3_BLIND_flood_depth_026,judge_B,microsoft/Phi-3.5-mini-instruct,fp16,UNPARSED,,,,,,"AttributeError(""'DynamicCache' object has no attribute 'seen_tokens'"")"
SGX3_DEVELOPMENT_processing_level_002,judge_B,microsoft/Phi-3.5-mini-instruct,fp16,UNPARSED,,,,,,"AttributeError(""'DynamicCache' object has no attribute 'seen_tokens'"")"
SGX3_BLIND_flood_depth_014,judge_B,microsoft/Phi-3.5-mini-instruct,fp16,UNPARSED,,,,,,"AttributeError(""'DynamicCache' object has no attribute 'seen_tokens'"")"
SGX3_BLIND_landslide_forecast_010,judge_B,microsoft/Phi-3.5-mini-instruct,fp16,UNPARSED,,,,,,"AttributeError(""'DynamicCache' object has no attribute 'seen_tokens'"")"
SGX3_HELDOUT-FAMILY_uncertainty_missing_001,judge_B,microsoft/Phi-3.5-mini-instruct,fp16,UNPARSED,,,,,,"AttributeError(""'DynamicCache' object has no attribute 'seen_tokens'"")"
SGX3_BLIND_flood_depth_032,judge_B,microsoft/Phi-3.5-mini-instruct,fp16,UNPARSED,,,,,,"AttributeError(""'DynamicCache' object has no attribute 'seen_tokens'"")"
SGX3_HELDOUT-FAMILY_scene_overlap_leakage_004,judge_B,microsoft/Phi-3.5-mini-instruct,fp16,UNPARSED,,,,,,"AttributeError(""'DynamicCache' object has no attribute 'seen_tokens'"")"
SGX3_HELDOUT-FAMILY_uncertainty_missing_012,judge_B,microsoft/Phi-3.5-mini-instruct,fp16,UNPARSED,,,,,,"AttributeError(""'DynamicCache' object has no attribute 'seen_tokens'"")"
SGX3_BLIND_eo_ml_validation_040,judge_B,microsoft/Phi-3.5-mini-instruct,fp16,UNPARSED,,,,,,"AttributeError(""'DynamicCache' object has no attribute 'seen_tokens'"")"
SGX3_BLIND_landcover_change_011,judge_B,microsoft/Phi-3.5-mini-instruct,fp16,UNPARSED,,,,,,"AttributeError(""'DynamicCache' object has no attribute 'seen_tokens'"")"
SGX3_HELDOUT-FAMILY_missing_provenance_001,judge_B,microsoft/Phi-3.5-mini-instruct,fp16,UNPARSED,,,,,,"AttributeError(""'DynamicCache' object has no attribute 'seen_tokens'"")"
SGX3_HELDOUT-FAMILY_uncertainty_missing_011,judge_B,microsoft/Phi-3.5-mini-instruct,fp16,UNPARSED,,,,,,"AttributeError(""'DynamicCache' object has no attribute 'seen_tokens'"")"
SGX3_BLIND_flood_remote_sensing_000,judge_B,microsoft/Phi-3.5-mini-instruct,fp16,UNPARSED,,,,,,"AttributeError(""'DynamicCache' object has no attribute 'seen_tokens'"")"
SGX3_BLIND_flood_depth_034,judge_B,microsoft/Phi-3.5-mini-instruct,fp16,UNPARSED,,,,,,"AttributeError(""'DynamicCache' object has no attribute 'seen_tokens'"")"
SGX3_BLIND_eo_ml_validation_018,judge_B,microsoft/Phi-3.5-mini-instruct,fp16,UNPARSED,,,,,,"AttributeError(""'DynamicCache' object has no attribute 'seen_tokens'"")"
SGX3_BLIND_landslide_forecast_000,judge_B,microsoft/Phi-3.5-mini-instruct,fp16,UNPARSED,,,,,,"AttributeError(""'DynamicCache' object has no attribute 'seen_tokens'"")"
SGX3_BLIND_landslide_forecast_025,judge_B,microsoft/Phi-3.5-mini-instruct,fp16,UNPARSED,,,,,,"AttributeError(""'DynamicCache' object has no attribute 'seen_tokens'"")"
SGX3_DEVELOPMENT_DSM_as_DTM_000,judge_B,microsoft/Phi-3.5-mini-instruct,fp16,UNPARSED,,,,,,"AttributeError(""'DynamicCache' object has no attribute 'seen_tokens'"")"
SGX3_DEVELOPMENT_unsupported_resolution_gain_010,judge_B,microsoft/Phi-3.5-mini-instruct,fp16,UNPARSED,,,,,,"AttributeError(""'DynamicCache' object has no attribute 'seen_tokens'"")"
SGX3_DEVELOPMENT_future_information_000,judge_B,microsoft/Phi-3.5-mini-instruct,fp16,UNPARSED,,,,,,"AttributeError(""'DynamicCache' object has no attribute 'seen_tokens'"")"
SGX3_BLIND_landcover_change_041,judge_B,microsoft/Phi-3.5-mini-instruct,fp16,UNPARSED,,,,,,"AttributeError(""'DynamicCache' object has no attribute 'seen_tokens'"")"
SGX3_DEVELOPMENT_categorical_interpolation_006,judge_B,microsoft/Phi-3.5-mini-instruct,fp16,UNPARSED,,,,,,"AttributeError(""'DynamicCache' object has no attribute 'seen_tokens'"")"
SGX3_DEVELOPMENT_unsupported_resolution_gain_013,judge_B,microsoft/Phi-3.5-mini-instruct,fp16,UNPARSED,,,,,,"AttributeError(""'DynamicCache' object has no attribute 'seen_tokens'"")"
SGX3_BLIND_landcover_change_007,judge_B,microsoft/Phi-3.5-mini-instruct,fp16,UNPARSED,,,,,,"AttributeError(""'DynamicCache' object has no attribute 'seen_tokens'"")"
SGX3_BLIND_landcover_change_047,judge_B,microsoft/Phi-3.5-mini-instruct,fp16,UNPARSED,,,,,,"AttributeError(""'DynamicCache' object has no attribute 'seen_tokens'"")"
SGX3_BLIND_landcover_change_042,judge_B,microsoft/Phi-3.5-mini-instruct,fp16,UNPARSED,,,,,,"AttributeError(""'DynamicCache' object has no attribute 'seen_tokens'"")"
SGX3_BLIND_flood_remote_sensing_011,judge_B,microsoft/Phi-3.5-mini-instruct,fp16,UNPARSED,,,,,,"AttributeError(""'DynamicCache' object has no attribute 'seen_tokens'"")"
SGX3_BLIND_landcover_change_005,judge_B,microsoft/Phi-3.5-mini-instruct,fp16,UNPARSED,,,,,,"AttributeError(""'DynamicCache' object has no attribute 'seen_tokens'"")"
SGX3_BLIND_flood_remote_sensing_040,judge_B,microsoft/Phi-3.5-mini-instruct,fp16,UNPARSED,,,,,,"AttributeError(""'DynamicCache' object has no attribute 'seen_tokens'"")"
SGX3_DEVELOPMENT_spatial_split_leakage_002,judge_B,microsoft/Phi-3.5-mini-instruct,fp16,UNPARSED,,,,,,"AttributeError(""'DynamicCache' object has no attribute 'seen_tokens'"")"
SGX3_BLIND_landcover_change_043,judge_B,microsoft/Phi-3.5-mini-instruct,fp16,UNPARSED,,,,,,"AttributeError(""'DynamicCache' object has no attribute 'seen_tokens'"")"
SGX3_BLIND_landslide_forecast_045,judge_B,microsoft/Phi-3.5-mini-instruct,fp16,UNPARSED,,,,,,"AttributeError(""'DynamicCache' object has no attribute 'seen_tokens'"")"
SGX3_BLIND_eo_ml_validation_039,judge_B,microsoft/Phi-3.5-mini-instruct,fp16,UNPARSED,,,,,,"AttributeError(""'DynamicCache' object has no attribute 'seen_tokens'"")"
SGX3_HELDOUT-FAMILY_multisensor_time_mismatch_013,judge_B,microsoft/Phi-3.5-mini-instruct,fp16,UNPARSED,,,,,,"AttributeError(""'DynamicCache' object has no attribute 'seen_tokens'"")"
SGX3_BLIND_flood_remote_sensing_003,judge_B,microsoft/Phi-3.5-mini-instruct,fp16,UNPARSED,,,,,,"AttributeError(""'DynamicCache' object has no attribute 'seen_tokens'"")"
SGX3_BLIND_flood_depth_027,judge_B,microsoft/Phi-3.5-mini-instruct,fp16,UNPARSED,,,,,,"AttributeError(""'DynamicCache' object has no attribute 'seen_tokens'"")"
SGX3_DEVELOPMENT_angular_area_005,judge_B,microsoft/Phi-3.5-mini-instruct,fp16,UNPARSED,,,,,,"AttributeError(""'DynamicCache' object has no attribute 'seen_tokens'"")"
SGX3_DEVELOPMENT_unsupported_resolution_gain_001,judge_B,microsoft/Phi-3.5-mini-instruct,fp16,UNPARSED,,,,,,"AttributeError(""'DynamicCache' object has no attribute 'seen_tokens'"")"
SGX3_HELDOUT-FAMILY_uncertainty_missing_008,judge_B,microsoft/Phi-3.5-mini-instruct,fp16,UNPARSED,,,,,,"AttributeError(""'DynamicCache' object has no attribute 'seen_tokens'"")"
SGX3_BLIND_flood_depth_006,judge_B,microsoft/Phi-3.5-mini-instruct,fp16,UNPARSED,,,,,,"AttributeError(""'DynamicCache' object has no attribute 'seen_tokens'"")"
SGX3_HELDOUT-FAMILY_physical_range_violation_002,judge_B,microsoft/Phi-3.5-mini-instruct,fp16,UNPARSED,,,,,,"AttributeError(""'DynamicCache' object has no attribute 'seen_tokens'"")"
SGX3_BLIND_eo_ml_validation_017,judge_B,microsoft/Phi-3.5-mini-instruct,fp16,UNPARSED,,,,,,"AttributeError(""'DynamicCache' object has no attribute 'seen_tokens'"")"
SGX3_HELDOUT-FAMILY_uncertainty_missing_003,judge_B,microsoft/Phi-3.5-mini-instruct,fp16,UNPARSED,,,,,,"AttributeError(""'DynamicCache' object has no attribute 'seen_tokens'"")"
SGX3_DEVELOPMENT_future_information_004,judge_B,microsoft/Phi-3.5-mini-instruct,fp16,UNPARSED,,,,,,"AttributeError(""'DynamicCache' object has no attribute 'seen_tokens'"")"
SGX3_BLIND_flood_remote_sensing_005,judge_B,microsoft/Phi-3.5-mini-instruct,fp16,UNPARSED,,,,,,"AttributeError(""'DynamicCache' object has no attribute 'seen_tokens'"")"
SGX3_DEVELOPMENT_rate_mean_as_accumulation_004,judge_B,microsoft/Phi-3.5-mini-instruct,fp16,UNPARSED,,,,,,"AttributeError(""'DynamicCache' object has no attribute 'seen_tokens'"")"
SGX3_HELDOUT-FAMILY_uncertainty_missing_000,judge_B,microsoft/Phi-3.5-mini-instruct,fp16,UNPARSED,,,,,,"AttributeError(""'DynamicCache' object has no attribute 'seen_tokens'"")"
SGX3_BLIND_landcover_change_012,judge_B,microsoft/Phi-3.5-mini-instruct,fp16,UNPARSED,,,,,,"AttributeError(""'DynamicCache' object has no attribute 'seen_tokens'"")"
SGX3_HELDOUT-FAMILY_rate_sum_without_duration_002,judge_B,microsoft/Phi-3.5-mini-instruct,fp16,UNPARSED,,,,,,"AttributeError(""'DynamicCache' object has no attribute 'seen_tokens'"")"
SGX3_BLIND_flood_remote_sensing_017,judge_B,microsoft/Phi-3.5-mini-instruct,fp16,UNPARSED,,,,,,"AttributeError(""'DynamicCache' object has no attribute 'seen_tokens'"")"
SGX3_BLIND_landslide_forecast_034,judge_B,microsoft/Phi-3.5-mini-instruct,fp16,UNPARSED,,,,,,"AttributeError(""'DynamicCache' object has no attribute 'seen_tokens'"")"
SGX3_DEVELOPMENT_unsupported_resolution_gain_014,judge_B,microsoft/Phi-3.5-mini-instruct,fp16,UNPARSED,,,,,,"AttributeError(""'DynamicCache' object has no attribute 'seen_tokens'"")"
SGX3_BLIND_eo_ml_validation_021,judge_B,microsoft/Phi-3.5-mini-instruct,fp16,UNPARSED,,,,,,"AttributeError(""'DynamicCache' object has no attribute 'seen_tokens'"")"
SGX3_BLIND_eo_ml_validation_032,judge_B,microsoft/Phi-3.5-mini-instruct,fp16,UNPARSED,,,,,,"AttributeError(""'DynamicCache' object has no attribute 'seen_tokens'"")"
SGX3_HELDOUT-FAMILY_scene_overlap_leakage_011,judge_B,microsoft/Phi-3.5-mini-instruct,fp16,UNPARSED,,,,,,"AttributeError(""'DynamicCache' object has no attribute 'seen_tokens'"")"
SGX3_DEVELOPMENT_unsupported_resolution_gain_012,judge_B,microsoft/Phi-3.5-mini-instruct,fp16,UNPARSED,,,,,,"AttributeError(""'DynamicCache' object has no attribute 'seen_tokens'"")"
SGX3_HELDOUT-FAMILY_unit_dimension_mismatch_003,judge_B,microsoft/Phi-3.5-mini-instruct,fp16,UNPARSED,,,,,,"AttributeError(""'DynamicCache' object has no attribute 'seen_tokens'"")"
SGX3_BLIND_landcover_change_018,judge_B,microsoft/Phi-3.5-mini-instruct,fp16,UNPARSED,,,,,,"AttributeError(""'DynamicCache' object has no attribute 'seen_tokens'"")"
SGX3_DEVELOPMENT_unsupported_resolution_gain_004,judge_B,microsoft/Phi-3.5-mini-instruct,fp16,UNPARSED,,,,,,"AttributeError(""'DynamicCache' object has no attribute 'seen_tokens'"")"
SGX3_BLIND_eo_ml_validation_004,judge_B,microsoft/Phi-3.5-mini-instruct,fp16,UNPARSED,,,,,,"AttributeError(""'DynamicCache' object has no attribute 'seen_tokens'"")"
SGX3_DEVELOPMENT_angular_area_009,judge_B,microsoft/Phi-3.5-mini-instruct,fp16,UNPARSED,,,,,,"AttributeError(""'DynamicCache' object has no attribute 'seen_tokens'"")"
SGX3_BLIND_eo_ml_validation_036,judge_B,microsoft/Phi-3.5-mini-instruct,fp16,UNPARSED,,,,,,"AttributeError(""'DynamicCache' object has no attribute 'seen_tokens'"")"
SGX3_HELDOUT-FAMILY_vertical_datum_mismatch_002,judge_B,microsoft/Phi-3.5-mini-instruct,fp16,UNPARSED,,,,,,"AttributeError(""'DynamicCache' object has no attribute 'seen_tokens'"")"
SGX3_BLIND_eo_ml_validation_043,judge_B,microsoft/Phi-3.5-mini-instruct,fp16,UNPARSED,,,,,,"AttributeError(""'DynamicCache' object has no attribute 'seen_tokens'"")"
SGX3_DEVELOPMENT_spectral_role_001,judge_B,microsoft/Phi-3.5-mini-instruct,fp16,UNPARSED,,,,,,"AttributeError(""'DynamicCache' object has no attribute 'seen_tokens'"")"
SGX3_BLIND_flood_depth_021,judge_B,microsoft/Phi-3.5-mini-instruct,fp16,UNPARSED,,,,,,"AttributeError(""'DynamicCache' object has no attribute 'seen_tokens'"")"
SGX3_DEVELOPMENT_nodata_zero_000,judge_B,microsoft/Phi-3.5-mini-instruct,fp16,UNPARSED,,,,,,"AttributeError(""'DynamicCache' object has no attribute 'seen_tokens'"")"
SGX3_HELDOUT-FAMILY_scene_overlap_leakage_012,judge_B,microsoft/Phi-3.5-mini-instruct,fp16,UNPARSED,,,,,,"AttributeError(""'DynamicCache' object has no attribute 'seen_tokens'"")"
SGX3_HELDOUT-FAMILY_temporal_split_overlap_005,judge_B,microsoft/Phi-3.5-mini-instruct,fp16,UNPARSED,,,,,,"AttributeError(""'DynamicCache' object has no attribute 'seen_tokens'"")"
SGX3_DEVELOPMENT_unsupported_resolution_gain_000,judge_B,microsoft/Phi-3.5-mini-instruct,fp16,UNPARSED,,,,,,"AttributeError(""'DynamicCache' object has no attribute 'seen_tokens'"")"
SGX3_DEVELOPMENT_angular_area_002,judge_B,microsoft/Phi-3.5-mini-instruct,fp16,UNPARSED,,,,,,"AttributeError(""'DynamicCache' object has no attribute 'seen_tokens'"")"
SGX3_BLIND_flood_remote_sensing_002,judge_B,microsoft/Phi-3.5-mini-instruct,fp16,UNPARSED,,,,,,"AttributeError(""'DynamicCache' object has no attribute 'seen_tokens'"")"
SGX3_DEVELOPMENT_spatial_split_leakage_009,judge_B,microsoft/Phi-3.5-mini-instruct,fp16,UNPARSED,,,,,,"AttributeError(""'DynamicCache' object has no attribute 'seen_tokens'"")"
SGX3_DEVELOPMENT_processing_level_001,judge_B,microsoft/Phi-3.5-mini-instruct,fp16,UNPARSED,,,,,,"AttributeError(""'DynamicCache' object has no attribute 'seen_tokens'"")"
SGX3_DEVELOPMENT_future_information_009,judge_B,microsoft/Phi-3.5-mini-instruct,fp16,UNPARSED,,,,,,"AttributeError(""'DynamicCache' object has no attribute 'seen_tokens'"")"
SGX3_BLIND_landslide_forecast_022,judge_B,microsoft/Phi-3.5-mini-instruct,fp16,UNPARSED,,,,,,"AttributeError(""'DynamicCache' object has no attribute 'seen_tokens'"")"
SGX3_HELDOUT-FAMILY_unit_dimension_mismatch_002,judge_B,microsoft/Phi-3.5-mini-instruct,fp16,UNPARSED,,,,,,"AttributeError(""'DynamicCache' object has no attribute 'seen_tokens'"")"
SGX3_DEVELOPMENT_future_information_008,judge_B,microsoft/Phi-3.5-mini-instruct,fp16,UNPARSED,,,,,,"AttributeError(""'DynamicCache' object has no attribute 'seen_tokens'"")"
SGX3_BLIND_eo_ml_validation_022,judge_B,microsoft/Phi-3.5-mini-instruct,fp16,UNPARSED,,,,,,"AttributeError(""'DynamicCache' object has no attribute 'seen_tokens'"")"
SGX3_BLIND_landcover_change_001,judge_B,microsoft/Phi-3.5-mini-instruct,fp16,UNPARSED,,,,,,"AttributeError(""'DynamicCache' object has no attribute 'seen_tokens'"")"
SGX3_BLIND_flood_depth_041,judge_B,microsoft/Phi-3.5-mini-instruct,fp16,UNPARSED,,,,,,"AttributeError(""'DynamicCache' object has no attribute 'seen_tokens'"")"
SGX3_BLIND_landslide_forecast_028,judge_B,microsoft/Phi-3.5-mini-instruct,fp16,UNPARSED,,,,,,"AttributeError(""'DynamicCache' object has no attribute 'seen_tokens'"")"
SGX3_HELDOUT-FAMILY_temporal_split_overlap_002,judge_B,microsoft/Phi-3.5-mini-instruct,fp16,UNPARSED,,,,,,"AttributeError(""'DynamicCache' object has no attribute 'seen_tokens'"")"
SGX3_DEVELOPMENT_angular_area_007,judge_B,microsoft/Phi-3.5-mini-instruct,fp16,UNPARSED,,,,,,"AttributeError(""'DynamicCache' object has no attribute 'seen_tokens'"")"
SGX3_BLIND_landslide_forecast_036,judge_B,microsoft/Phi-3.5-mini-instruct,fp16,UNPARSED,,,,,,"AttributeError(""'DynamicCache' object has no attribute 'seen_tokens'"")"
SGX3_BLIND_flood_depth_012,judge_B,microsoft/Phi-3.5-mini-instruct,fp16,UNPARSED,,,,,,"AttributeError(""'DynamicCache' object has no attribute 'seen_tokens'"")"
SGX3_BLIND_flood_depth_007,judge_B,microsoft/Phi-3.5-mini-instruct,fp16,UNPARSED,,,,,,"AttributeError(""'DynamicCache' object has no attribute 'seen_tokens'"")"
SGX3_DEVELOPMENT_cloud_mask_missing_001,judge_B,microsoft/Phi-3.5-mini-instruct,fp16,UNPARSED,,,,,,"AttributeError(""'DynamicCache' object has no attribute 'seen_tokens'"")"
SGX3_BLIND_landcover_change_032,judge_B,microsoft/Phi-3.5-mini-instruct,fp16,UNPARSED,,,,,,"AttributeError(""'DynamicCache' object has no attribute 'seen_tokens'"")"
SGX3_BLIND_flood_remote_sensing_022,judge_B,microsoft/Phi-3.5-mini-instruct,fp16,UNPARSED,,,,,,"AttributeError(""'DynamicCache' object has no attribute 'seen_tokens'"")"
SGX3_HELDOUT-FAMILY_temporal_split_overlap_015,judge_B,microsoft/Phi-3.5-mini-instruct,fp16,UNPARSED,,,,,,"AttributeError(""'DynamicCache' object has no attribute 'seen_tokens'"")"
SGX3_HELDOUT-FAMILY_missing_provenance_000,judge_B,microsoft/Phi-3.5-mini-instruct,fp16,UNPARSED,,,,,,"AttributeError(""'DynamicCache' object has no attribute 'seen_tokens'"")"
SGX3_BLIND_flood_depth_029,judge_B,microsoft/Phi-3.5-mini-instruct,fp16,UNPARSED,,,,,,"AttributeError(""'DynamicCache' object has no attribute 'seen_tokens'"")"
SGX3_DEVELOPMENT_future_information_002,judge_B,microsoft/Phi-3.5-mini-instruct,fp16,UNPARSED,,,,,,"AttributeError(""'DynamicCache' object has no attribute 'seen_tokens'"")"
SGX3_DEVELOPMENT_unsupported_resolution_gain_015,judge_B,microsoft/Phi-3.5-mini-instruct,fp16,UNPARSED,,,,,,"AttributeError(""'DynamicCache' object has no attribute 'seen_tokens'"")"
SGX3_BLIND_landslide_forecast_030,judge_B,microsoft/Phi-3.5-mini-instruct,fp16,UNPARSED,,,,,,"AttributeError(""'DynamicCache' object has no attribute 'seen_tokens'"")"
SGX3_BLIND_flood_remote_sensing_007,judge_B,microsoft/Phi-3.5-mini-instruct,fp16,UNPARSED,,,,,,"AttributeError(""'DynamicCache' object has no attribute 'seen_tokens'"")"
SGX3_BLIND_flood_remote_sensing_020,judge_B,microsoft/Phi-3.5-mini-instruct,fp16,UNPARSED,,,,,,"AttributeError(""'DynamicCache' object has no attribute 'seen_tokens'"")"
SGX3_HELDOUT-FAMILY_multisensor_time_mismatch_010,judge_B,microsoft/Phi-3.5-mini-instruct,fp16,UNPARSED,,,,,,"AttributeError(""'DynamicCache' object has no attribute 'seen_tokens'"")"
SGX3_BLIND_flood_remote_sensing_046,judge_B,microsoft/Phi-3.5-mini-instruct,fp16,UNPARSED,,,,,,"AttributeError(""'DynamicCache' object has no attribute 'seen_tokens'"")"
SGX3_DEVELOPMENT_processing_level_003,judge_B,microsoft/Phi-3.5-mini-instruct,fp16,UNPARSED,,,,,,"AttributeError(""'DynamicCache' object has no attribute 'seen_tokens'"")"
SGX3_DEVELOPMENT_nodata_zero_001,judge_B,microsoft/Phi-3.5-mini-instruct,fp16,UNPARSED,,,,,,"AttributeError(""'DynamicCache' object has no attribute 'seen_tokens'"")"
SGX3_DEVELOPMENT_categorical_interpolation_012,judge_B,microsoft/Phi-3.5-mini-instruct,fp16,UNPARSED,,,,,,"AttributeError(""'DynamicCache' object has no attribute 'seen_tokens'"")"
SGX3_BLIND_landslide_forecast_016,judge_B,microsoft/Phi-3.5-mini-instruct,fp16,UNPARSED,,,,,,"AttributeError(""'DynamicCache' object has no attribute 'seen_tokens'"")"
SGX3_HELDOUT-FAMILY_categorical_mean_aggregation_002,judge_B,microsoft/Phi-3.5-mini-instruct,fp16,UNPARSED,,,,,,"AttributeError(""'DynamicCache' object has no attribute 'seen_tokens'"")"
SGX3_BLIND_eo_ml_validation_047,judge_B,microsoft/Phi-3.5-mini-instruct,fp16,UNPARSED,,,,,,"AttributeError(""'DynamicCache' object has no attribute 'seen_tokens'"")"
SGX3_BLIND_flood_remote_sensing_045,judge_B,microsoft/Phi-3.5-mini-instruct,fp16,UNPARSED,,,,,,"AttributeError(""'DynamicCache' object has no attribute 'seen_tokens'"")"
SGX3_HELDOUT-FAMILY_temporal_split_overlap_006,judge_B,microsoft/Phi-3.5-mini-instruct,fp16,UNPARSED,,,,,,"AttributeError(""'DynamicCache' object has no attribute 'seen_tokens'"")"
SGX3_HELDOUT-FAMILY_scene_overlap_leakage_005,judge_B,microsoft/Phi-3.5-mini-instruct,fp16,UNPARSED,,,,,,"AttributeError(""'DynamicCache' object has no attribute 'seen_tokens'"")"
SGX3_DEVELOPMENT_unsupported_resolution_gain_008,judge_B,microsoft/Phi-3.5-mini-instruct,fp16,UNPARSED,,,,,,"AttributeError(""'DynamicCache' object has no attribute 'seen_tokens'"")"
SGX3_BLIND_landslide_forecast_003,judge_B,microsoft/Phi-3.5-mini-instruct,fp16,UNPARSED,,,,,,"AttributeError(""'DynamicCache' object has no attribute 'seen_tokens'"")"
SGX3_BLIND_landslide_forecast_006,judge_B,microsoft/Phi-3.5-mini-instruct,fp16,UNPARSED,,,,,,"AttributeError(""'DynamicCache' object has no attribute 'seen_tokens'"")"
SGX3_DEVELOPMENT_band_grid_mismatch_001,judge_B,microsoft/Phi-3.5-mini-instruct,fp16,UNPARSED,,,,,,"AttributeError(""'DynamicCache' object has no attribute 'seen_tokens'"")"
SGX3_BLIND_flood_remote_sensing_031,judge_B,microsoft/Phi-3.5-mini-instruct,fp16,UNPARSED,,,,,,"AttributeError(""'DynamicCache' object has no attribute 'seen_tokens'"")"
SGX3_DEVELOPMENT_categorical_interpolation_010,judge_B,microsoft/Phi-3.5-mini-instruct,fp16,UNPARSED,,,,,,"AttributeError(""'DynamicCache' object has no attribute 'seen_tokens'"")"
SGX3_HELDOUT-FAMILY_physical_range_violation_013,judge_B,microsoft/Phi-3.5-mini-instruct,fp16,UNPARSED,,,,,,"AttributeError(""'DynamicCache' object has no attribute 'seen_tokens'"")"
SGX3_BLIND_landcover_change_028,judge_B,microsoft/Phi-3.5-mini-instruct,fp16,UNPARSED,,,,,,"AttributeError(""'DynamicCache' object has no attribute 'seen_tokens'"")"
SGX3_HELDOUT-FAMILY_scene_overlap_leakage_009,judge_B,microsoft/Phi-3.5-mini-instruct,fp16,UNPARSED,,,,,,"AttributeError(""'DynamicCache' object has no attribute 'seen_tokens'"")"
SGX3_BLIND_eo_ml_validation_014,judge_B,microsoft/Phi-3.5-mini-instruct,fp16,UNPARSED,,,,,,"AttributeError(""'DynamicCache' object has no attribute 'seen_tokens'"")"
SGX3_HELDOUT-FAMILY_physical_range_violation_010,judge_B,microsoft/Phi-3.5-mini-instruct,fp16,UNPARSED,,,,,,"AttributeError(""'DynamicCache' object has no attribute 'seen_tokens'"")"
SGX3_BLIND_flood_remote_sensing_025,judge_B,microsoft/Phi-3.5-mini-instruct,fp16,UNPARSED,,,,,,"AttributeError(""'DynamicCache' object has no attribute 'seen_tokens'"")"
SGX3_BLIND_flood_depth_020,judge_B,microsoft/Phi-3.5-mini-instruct,fp16,UNPARSED,,,,,,"AttributeError(""'DynamicCache' object has no attribute 'seen_tokens'"")"
SGX3_DEVELOPMENT_unsupported_resolution_gain_009,judge_B,microsoft/Phi-3.5-mini-instruct,fp16,UNPARSED,,,,,,"AttributeError(""'DynamicCache' object has no attribute 'seen_tokens'"")"
