metric,value
cases_scored_by_both,0.0
A_parse_success,1.0
B_parse_success,0.0
raw_A_B_agreement,
cohens_kappa_A_B,
A_B_disagreements,0.0
C_cases_requested,180.0
C_parse_success,0.9833333333333333
consensus_coverage,0.0
unresolved_cases,180.0
A_vs_generated_accuracy,0.6111111111111112
B_vs_generated_accuracy,
consensus_vs_generated_accuracy,
frozen_scigeoguard_vs_consensus_accuracy,
kappa_A_vs_B,
kappa_consensus_vs_scigeoguard,
A_FSCR_vs_generated_reference,0.017857142857142856
B_FSCR_vs_generated_reference,0.0
consensus_FSCR_vs_generated_reference,0.0
scigeoguard_FSCR_vs_generated_reference,0.0
