case_id,split,tier,family,expected,runtime,metadata_only,schema_lite,scigeoguard_x_v3,n_findings,signature
SGX3_DEVELOPMENT_categorical_interpolation_000,development,atomic,categorical_interpolation,PROVEN,PROVEN,PROVEN,PROVEN,PROVEN,0,18a6149c1d6fb3eb4ccc1f01058c3e4fad6b12d79d77eb7d4efad4eaf54421e0
SGX3_DEVELOPMENT_categorical_interpolation_001,development,atomic,categorical_interpolation,REFUTED,PROVEN,PROVEN,PROVEN,REFUTED,1,f349dda24ab6cae3b3f250a2bbb590fa7fc55ad3d43e5cae481e0724ad47cda5
SGX3_DEVELOPMENT_categorical_interpolation_002,development,adversarial,categorical_interpolation,PROVEN,PROVEN,PROVEN,PROVEN,PROVEN,0,cfa359b2447d8fb8b4aea066886fa23ff87d9e2a29358695f03e8c4eabaabdfc
SGX3_DEVELOPMENT_categorical_interpolation_003,development,adversarial,categorical_interpolation,PROVEN,PROVEN,PROVEN,PROVEN,PROVEN,0,306b52850a71be4e82d4df0f36574e6ae4bd961ceb41843c41c0b73fb571f72a
SGX3_DEVELOPMENT_categorical_interpolation_004,development,adversarial,categorical_interpolation,PROVEN,PROVEN,PROVEN,PROVEN,PROVEN,0,dba1185622e274960c5a0f4bf0c2ef5d24752b06ffd28315cc7f03602fe6899b
SGX3_DEVELOPMENT_categorical_interpolation_005,development,atomic,categorical_interpolation,PROVEN,PROVEN,PROVEN,PROVEN,PROVEN,0,510c05eee414e4ffda972fe94674bb01565c0eca1c152c912e9a71e09a4e93a4
SGX3_DEVELOPMENT_categorical_interpolation_006,development,adversarial,categorical_interpolation,REFUTED,PROVEN,PROVEN,PROVEN,REFUTED,1,b2fb5dda0f382b0a87b04503f80eec5f77a3d4b40a4fa606cb6851f37a7afda7
SGX3_DEVELOPMENT_categorical_interpolation_007,development,compositional,categorical_interpolation,REFUTED,PROVEN,PROVEN,PROVEN,REFUTED,1,20a4de46d183b85ce1bb58d7aa5ed3a01d862289451b736a733487a7f391ad5d
SGX3_DEVELOPMENT_categorical_interpolation_008,development,adversarial,categorical_interpolation,PROVEN,PROVEN,PROVEN,PROVEN,PROVEN,0,f8568f1018399cc86781bf16b768a49330092ba52a3fd3b69c8dc248b11a6ea6
SGX3_DEVELOPMENT_categorical_interpolation_009,development,atomic,categorical_interpolation,REFUTED,PROVEN,PROVEN,PROVEN,REFUTED,1,fc1aad5a3f32258aa91f19cf99617503cd72222d3f0772c74ff205322befe919
SGX3_DEVELOPMENT_categorical_interpolation_010,development,atomic,categorical_interpolation,REFUTED,PROVEN,PROVEN,PROVEN,REFUTED,1,63bef821f91de2763d2d212d01bd8a149370d5231eda131565006144a275f718
SGX3_DEVELOPMENT_categorical_interpolation_011,development,atomic,categorical_interpolation,PROVEN,PROVEN,PROVEN,PROVEN,PROVEN,0,81fa8de0433fefd820b8bad8f2b76605508208da4ceb697a79d5b75503447042
SGX3_DEVELOPMENT_categorical_interpolation_012,development,adversarial,categorical_interpolation,PROVEN,PROVEN,PROVEN,PROVEN,PROVEN,0,41a3938a71c613a693c79c4724872cab7395f98a75c6b89fb06cb8be8b8d8319
SGX3_DEVELOPMENT_categorical_interpolation_013,development,atomic,categorical_interpolation,PROVEN,PROVEN,PROVEN,PROVEN,PROVEN,0,8180d080d0680fa97dff9939b8d671cbf67980c118b4a158b9a56c6f34d16fa2
SGX3_DEVELOPMENT_categorical_interpolation_014,development,adversarial,categorical_interpolation,REFUTED,PROVEN,PROVEN,PROVEN,REFUTED,2,3409392f79c43821d85720ee57cffe727f7a51d10143325b769eb44323298fc0
SGX3_DEVELOPMENT_categorical_interpolation_015,development,adversarial,categorical_interpolation,PROVEN,PROVEN,PROVEN,PROVEN,PROVEN,0,f4884bce088a6c8c3713f56ade1f9428a732b7980d522b62cd2d211fc26ba53d
SGX3_DEVELOPMENT_rate_mean_as_accumulation_000,development,adversarial,rate_mean_as_accumulation,REFUTED,PROVEN,PROVEN,PROVEN,REFUTED,1,daf71490201321c1beb29c3a67dc51bb1e2f8a4eaeae1dbf857afabe22895807
SGX3_DEVELOPMENT_rate_mean_as_accumulation_001,development,adversarial,rate_mean_as_accumulation,PROVEN,PROVEN,PROVEN,PROVEN,PROVEN,0,3ae543f8e29c62b0a1759cfe5eba9eb06fa49e7cc1a947eefc78f912f90625f3
SGX3_DEVELOPMENT_rate_mean_as_accumulation_002,development,adversarial,rate_mean_as_accumulation,REFUTED,PROVEN,PROVEN,PROVEN,REFUTED,1,26e8eae76b346d1de722e1bdcf96f772d432952900c6d25949f43cfa0c78e0f6
SGX3_DEVELOPMENT_rate_mean_as_accumulation_003,development,adversarial,rate_mean_as_accumulation,REFUTED,PROVEN,PROVEN,PROVEN,REFUTED,1,ac82dd84e101993b451be31d7e14cc1b24f012b8abb4d41869be8e05e9cffecb
SGX3_DEVELOPMENT_rate_mean_as_accumulation_004,development,atomic,rate_mean_as_accumulation,PROVEN,PROVEN,PROVEN,PROVEN,PROVEN,0,a09e53734f2cce4354272d69b0cc446875699f95a4cb11f7ff37c2283a36dfa0
SGX3_DEVELOPMENT_rate_mean_as_accumulation_005,development,atomic,rate_mean_as_accumulation,REFUTED,PROVEN,PROVEN,PROVEN,REFUTED,1,ec68f9d30164b3b1873976f8f7fabf687eea7de5d9dbbfd67f76613dad16ac93
SGX3_DEVELOPMENT_angular_area_000,development,compositional,angular_area,REFUTED,PROVEN,PROVEN,PROVEN,REFUTED,1,4778f333d9f0be7663f08f36d9c405f5b3cc4899574af3a02f65ac14c230a95e
SGX3_DEVELOPMENT_angular_area_001,development,adversarial,angular_area,PROVEN,PROVEN,PROVEN,PROVEN,PROVEN,0,417a5d476096be49e216c40c3595f8077614b151cec8bf60b805ec9452f81f79
SGX3_DEVELOPMENT_angular_area_002,development,compositional,angular_area,REFUTED,PROVEN,PROVEN,PROVEN,REFUTED,1,29219bae70b5fcd7a2d91e9c099b55aea373aa1f4e8cd7c1521526c2d477d8bd
SGX3_DEVELOPMENT_angular_area_003,development,adversarial,angular_area,PROVEN,PROVEN,PROVEN,PROVEN,PROVEN,0,c0ae83d7b44785fd9c73c000120a94fc797d0622ed7a0200759adfb586616c25
SGX3_DEVELOPMENT_angular_area_004,development,atomic,angular_area,REFUTED,PROVEN,PROVEN,PROVEN,REFUTED,1,676f7d2f754d326a1b3143110e8adf7563c52c5c8ea43e978272889c5fa18871
SGX3_DEVELOPMENT_angular_area_005,development,adversarial,angular_area,PROVEN,PROVEN,PROVEN,PROVEN,PROVEN,0,7474d3961391885ebc22157b0b1638fc0d3efb263608a0ebbdf0321d2996465c
SGX3_DEVELOPMENT_angular_area_006,development,adversarial,angular_area,PROVEN,PROVEN,PROVEN,PROVEN,PROVEN,0,2213038fda384839f72a1bb063ab0fb00c87f5ee1adc7ef679bed62907f28335
SGX3_DEVELOPMENT_angular_area_007,development,adversarial,angular_area,PROVEN,PROVEN,PROVEN,PROVEN,PROVEN,0,a9fd198db461368f05f9d605a1bfa1e2ef9fe9ea78f0b03c4456ab70e25f03ba
SGX3_DEVELOPMENT_angular_area_008,development,atomic,angular_area,PROVEN,PROVEN,PROVEN,PROVEN,PROVEN,0,99aa7938f9777fd2a9d74b03a73a0848330ecc69f6a271b6f6b4d10b36928a3f
SGX3_DEVELOPMENT_angular_area_009,development,adversarial,angular_area,PROVEN,PROVEN,PROVEN,PROVEN,PROVEN,0,c0575fd9d5abe9810db7f25c3666b338ae7e3059cb02b3455268bc0686e151fd
SGX3_DEVELOPMENT_angular_area_010,development,atomic,angular_area,PROVEN,PROVEN,PROVEN,PROVEN,PROVEN,0,1ce41dfdeb8005e42cee477be54ed8669d5171fca27236662b440f05b0d1263b
SGX3_DEVELOPMENT_angular_area_011,development,compositional,angular_area,PROVEN,PROVEN,PROVEN,PROVEN,PROVEN,0,c629f0da589ae3787763a54243b47e09a746ca358664d7b1a087dbab65f554b9
SGX3_DEVELOPMENT_spectral_role_000,development,atomic,spectral_role,REFUTED,PROVEN,PROVEN,PROVEN,REFUTED,1,08bb415c1e88c278994f992212a31b598e58abfdd31e350138ccd3fd675fe7e3
SGX3_DEVELOPMENT_spectral_role_001,development,atomic,spectral_role,REFUTED,PROVEN,PROVEN,PROVEN,REFUTED,1,40e5d91e3d2ad5462b0b637b05d9329f581257fc9931e7ffee3184c9c9cf1d52
SGX3_DEVELOPMENT_spectral_role_002,development,adversarial,spectral_role,PROVEN,PROVEN,PROVEN,PROVEN,PROVEN,0,0e0fbc2bcfea01c994d409141c680ba0ad8c626fe7aafb0268717d8facdc2fbb
SGX3_DEVELOPMENT_spectral_role_003,development,atomic,spectral_role,REFUTED,PROVEN,PROVEN,PROVEN,REFUTED,1,04ece08596687f5fe5faec0a9e7657a37f97e4e52ae426e19ce6a97d7d5eb562
SGX3_DEVELOPMENT_band_grid_mismatch_000,development,compositional,band_grid_mismatch,REFUTED,PROVEN,PROVEN,PROVEN,REFUTED,1,91a55bf643f52d9b24250bd50d8b69163b977342b95b81839f55dc50fdbb8999
SGX3_DEVELOPMENT_band_grid_mismatch_001,development,compositional,band_grid_mismatch,PROVEN,PROVEN,PROVEN,PROVEN,PROVEN,0,5c5f6e485cae24f0088724fcaf02a41a82d3f78f8eb127a3b6df812187646a17
SGX3_DEVELOPMENT_band_grid_mismatch_002,development,adversarial,band_grid_mismatch,REFUTED,PROVEN,PROVEN,PROVEN,REFUTED,1,062c0d7d12c3371da4c548d14fc5fdfd086b3c5d8be2b1a0add471c951303384
SGX3_DEVELOPMENT_cloud_mask_missing_000,development,compositional,cloud_mask_missing,PROVEN,PROVEN,PROVEN,PROVEN,PROVEN,0,3781985ea24a9131689869ab66c176e536a7bced711c9454e0567b0af8377b2b
SGX3_DEVELOPMENT_cloud_mask_missing_001,development,atomic,cloud_mask_missing,REFUTED,PROVEN,PROVEN,PROVEN,REFUTED,1,ee884af106f422686aa0d039ea278dc3147462470f63b2dbe432242b8dcfbd9d
SGX3_DEVELOPMENT_processing_level_000,development,compositional,processing_level,REFUTED,PROVEN,PROVEN,PROVEN,REFUTED,1,b460791ff66715826a2864988fb5213a76931f75fd1d292de4fbfb7a0fc5a863
SGX3_DEVELOPMENT_processing_level_001,development,compositional,processing_level,REFUTED,PROVEN,PROVEN,PROVEN,REFUTED,1,7f23d4af8c52937c10345cebf0c0714a1349db89270cccd35dbb0cb3632cc73d
SGX3_DEVELOPMENT_processing_level_002,development,atomic,processing_level,PROVEN,PROVEN,PROVEN,PROVEN,PROVEN,0,7eec3c49613f4b5ebff07768b744147379dd3c87f61008b651d080ad1e6e613c
SGX3_DEVELOPMENT_processing_level_003,development,compositional,processing_level,REFUTED,PROVEN,PROVEN,PROVEN,REFUTED,1,ad764c456172d18da9d13f92dcfe4783e2e4b88155a51fd4a98230803be5a960
SGX3_DEVELOPMENT_DSM_as_DTM_000,development,compositional,DSM_as_DTM,PROVEN,PROVEN,PROVEN,PROVEN,PROVEN,0,2cfce52dd2e5a7866bcac5b50cd6198708100f47168937707b6c0343af5dd38f
SGX3_DEVELOPMENT_DSM_as_DTM_001,development,atomic,DSM_as_DTM,REFUTED,PROVEN,PROVEN,PROVEN,REFUTED,1,b547c5d402dafb155e83c611d15179fb7d562b28593b2a5bf8f39dba2a235296
SGX3_DEVELOPMENT_future_information_000,development,atomic,future_information,PROVEN,PROVEN,PROVEN,PROVEN,PROVEN,0,258a9401492f4d0283afcf3110595a535619015be2b6c71b045f3691bc3388bf
SGX3_DEVELOPMENT_future_information_001,development,atomic,future_information,REFUTED,PROVEN,PROVEN,PROVEN,REFUTED,1,e13856953b293f6c16e27396e7300a06bbebb644d773f24489d68652a8719853
SGX3_DEVELOPMENT_future_information_002,development,compositional,future_information,PROVEN,PROVEN,PROVEN,PROVEN,PROVEN,0,27da7ae42eecd4eabb42ef4e36fd677df17a93e42c6210ff115955b42671d2d9
SGX3_DEVELOPMENT_future_information_003,development,compositional,future_information,REFUTED,PROVEN,PROVEN,PROVEN,REFUTED,1,b201cf0d001d006b67ad39c79e9be560805df7a39936b7e7434a51c418c9e69d
SGX3_DEVELOPMENT_future_information_004,development,adversarial,future_information,PROVEN,PROVEN,PROVEN,PROVEN,PROVEN,0,1c6c8c23cf261e44e58026906adf0f1a3902fdcf497d8f3dc91907d329a601f9
SGX3_DEVELOPMENT_future_information_005,development,compositional,future_information,REFUTED,PROVEN,PROVEN,PROVEN,REFUTED,1,f8fb3bfec51712def72c397c95f60304851e896c77619549c23b623c82349e88
SGX3_DEVELOPMENT_future_information_006,development,atomic,future_information,REFUTED,PROVEN,PROVEN,PROVEN,REFUTED,1,e0c666406bc35ea6c787c05a56800e66309ff313e3ae91e7fbe871400709c82c
SGX3_DEVELOPMENT_future_information_007,development,compositional,future_information,REFUTED,PROVEN,PROVEN,PROVEN,REFUTED,1,4f552721c1ded4993b02b06fb3940abfe9044cc44f1ad8c18690533ada3ff353
SGX3_DEVELOPMENT_future_information_008,development,atomic,future_information,PROVEN,PROVEN,PROVEN,PROVEN,PROVEN,0,33f6b56033327210c0c193b85bd1fbecebae89533cf76276e6919150e5122ef6
SGX3_DEVELOPMENT_future_information_009,development,compositional,future_information,PROVEN,PROVEN,PROVEN,PROVEN,PROVEN,0,a207a496b866d314ab1c810f029d355da4092ffe2bba987c38c2d15378c208a7
SGX3_DEVELOPMENT_spatial_split_leakage_000,development,adversarial,spatial_split_leakage,PROVEN,PROVEN,PROVEN,PROVEN,PROVEN,0,3fe52f35035aa62b495a081503a0984b17192622fcfaffaa4f62473cb0dae857
SGX3_DEVELOPMENT_spatial_split_leakage_001,development,adversarial,spatial_split_leakage,REFUTED,PROVEN,PROVEN,PROVEN,REFUTED,1,3b0ddbab80d0144af3c6b846ccdfb71890661f4c4049ca0f07047de1e4b774d3
SGX3_DEVELOPMENT_spatial_split_leakage_002,development,compositional,spatial_split_leakage,REFUTED,PROVEN,PROVEN,PROVEN,REFUTED,1,13358e8570ad6e86a65a68dde27d84a85781b8cf3139401f74de105b71098294
SGX3_DEVELOPMENT_spatial_split_leakage_003,development,compositional,spatial_split_leakage,REFUTED,PROVEN,PROVEN,PROVEN,REFUTED,1,61560321b59b16ee50ae55178ec34aa5835b08d2432a717cfc669eee787b887b
SGX3_DEVELOPMENT_spatial_split_leakage_004,development,atomic,spatial_split_leakage,REFUTED,PROVEN,PROVEN,PROVEN,REFUTED,1,cb1f55fdcdef3a7e9d64f724feedbfa6bb1931334d5ce9b77cfbcc7aafbb6cd8
SGX3_DEVELOPMENT_spatial_split_leakage_005,development,adversarial,spatial_split_leakage,REFUTED,PROVEN,PROVEN,PROVEN,REFUTED,1,a1f7a0f213e84fed907a9fdf881041a3753329dcedecee814bd7856fcde07a3c
SGX3_DEVELOPMENT_spatial_split_leakage_006,development,compositional,spatial_split_leakage,PROVEN,PROVEN,PROVEN,PROVEN,PROVEN,0,a9444731798819efa00cde8d41323856e2b7a166492994e8673591c2e26b4257
SGX3_DEVELOPMENT_spatial_split_leakage_007,development,atomic,spatial_split_leakage,REFUTED,PROVEN,PROVEN,PROVEN,REFUTED,1,878cf716edaa7f890ae5500d6e99428073872a1fac4019e0e842d8a18a228e51
SGX3_DEVELOPMENT_spatial_split_leakage_008,development,compositional,spatial_split_leakage,REFUTED,PROVEN,PROVEN,PROVEN,REFUTED,1,e66d332cb4f29410cd78c2ba4ee7c8e75840cfb26d5ed49952b1a71a22e84aae
SGX3_DEVELOPMENT_spatial_split_leakage_009,development,compositional,spatial_split_leakage,PROVEN,PROVEN,PROVEN,PROVEN,PROVEN,0,5c3df294697092641b80b265e83cd6d00a93a9e1d00a9b02051286993a0da709
SGX3_DEVELOPMENT_spatial_split_leakage_010,development,compositional,spatial_split_leakage,PROVEN,PROVEN,PROVEN,PROVEN,PROVEN,0,c58ddddabb2feee97925ea6c9e2a156930753bd4cda7b2571c790fa725b9d0f0
SGX3_DEVELOPMENT_spatial_split_leakage_011,development,adversarial,spatial_split_leakage,REFUTED,PROVEN,PROVEN,PROVEN,REFUTED,1,4af62752ccc91e5b7ffec2e7128ca9e3b0d16080424adf798e57736159af067c
SGX3_DEVELOPMENT_spatial_split_leakage_012,development,atomic,spatial_split_leakage,REFUTED,PROVEN,PROVEN,PROVEN,REFUTED,1,9ecf675db7c21148475fee65f3598870153951bdbce2bf49e09e3c03c9d968dc
SGX3_DEVELOPMENT_spatial_split_leakage_013,development,compositional,spatial_split_leakage,REFUTED,PROVEN,PROVEN,PROVEN,REFUTED,1,9a63d3f3b7c3c1fb48fd155f803ab098d0fe4f054e9e79cd29bc7a3fddc81f54
SGX3_DEVELOPMENT_spatial_split_leakage_014,development,compositional,spatial_split_leakage,REFUTED,PROVEN,PROVEN,PROVEN,REFUTED,1,c78bd15a58a08b4a22413602aee109fd8f84c6ed880fb1494a1a2af7e02d73a6
SGX3_DEVELOPMENT_spatial_split_leakage_015,development,adversarial,spatial_split_leakage,REFUTED,PROVEN,PROVEN,PROVEN,REFUTED,1,e23bd708ca9638c707967c001555841039a6c03899a5b807d05da20b9ab598de
SGX3_DEVELOPMENT_nodata_zero_000,development,compositional,nodata_zero,PROVEN,PROVEN,PROVEN,PROVEN,PROVEN,0,c99263212ac39247c51133269ef65e6987ecbaa13c47d7a1e6322591bf02f4eb
SGX3_DEVELOPMENT_nodata_zero_001,development,compositional,nodata_zero,REFUTED,PROVEN,PROVEN,PROVEN,REFUTED,1,25a34850487a8f59ccc68d9f8eaa951887838e8e6597ac791fbda7c31ca527d4
SGX3_DEVELOPMENT_unsupported_resolution_gain_000,development,adversarial,unsupported_resolution_gain,PROVEN,PROVEN,PROVEN,PROVEN,PROVEN,0,94f144e1f83c98afbf356d964f12398c3e467ded466d866ef12b7a8cc469ec95
SGX3_DEVELOPMENT_unsupported_resolution_gain_001,development,adversarial,unsupported_resolution_gain,REFUTED,PROVEN,PROVEN,PROVEN,REFUTED,1,24e4804318d26711dad5321bafacd6851ca3be71c290dd805ed3237ec0eb9c88
SGX3_DEVELOPMENT_unsupported_resolution_gain_002,development,atomic,unsupported_resolution_gain,PROVEN,PROVEN,PROVEN,PROVEN,PROVEN,0,c499a22d28ea2de38037ff3f5dad2c2ffd3d9a1cdd2814d86e4418c10e9833fd
SGX3_DEVELOPMENT_unsupported_resolution_gain_003,development,compositional,unsupported_resolution_gain,REFUTED,PROVEN,PROVEN,PROVEN,REFUTED,1,54224758897ecb3e7491a2f19e80287cfdae4cd2c8f066bfb9429eee747baebb
SGX3_DEVELOPMENT_unsupported_resolution_gain_004,development,atomic,unsupported_resolution_gain,PROVEN,PROVEN,PROVEN,PROVEN,PROVEN,0,5b500acb754ce05372076745d41d869ac00d16d8df4af8dbada5bf69c3f895e3
SGX3_DEVELOPMENT_unsupported_resolution_gain_005,development,compositional,unsupported_resolution_gain,REFUTED,PROVEN,PROVEN,PROVEN,REFUTED,1,5aa8ddda65e5a66953e2e2e8680b9305e7dca1d8504a377ac7ce6acd380c169c
SGX3_DEVELOPMENT_unsupported_resolution_gain_006,development,atomic,unsupported_resolution_gain,REFUTED,PROVEN,PROVEN,PROVEN,REFUTED,1,0ba76bf5cf590a003196ff8f23c55217cb34b0ff9a8ae1d4379666171596398b
SGX3_DEVELOPMENT_unsupported_resolution_gain_007,development,compositional,unsupported_resolution_gain,PROVEN,PROVEN,PROVEN,PROVEN,PROVEN,0,23e033fed92fe4d1514eab39f422a63058977603a859695214100aa995268c88
SGX3_DEVELOPMENT_unsupported_resolution_gain_008,development,adversarial,unsupported_resolution_gain,REFUTED,PROVEN,PROVEN,PROVEN,REFUTED,1,5136936808dd57a3a0c6d46ae681065a4d6937b3a451b37c4ad880d7dd7c8b97
SGX3_DEVELOPMENT_unsupported_resolution_gain_009,development,compositional,unsupported_resolution_gain,PROVEN,PROVEN,PROVEN,PROVEN,PROVEN,0,e5b42e5a99660acc3413211a67c959c0e80ea9fa240b29ae7cd8d2f489896cf0
SGX3_DEVELOPMENT_unsupported_resolution_gain_010,development,compositional,unsupported_resolution_gain,REFUTED,PROVEN,PROVEN,PROVEN,REFUTED,1,2a02d573bb86d5cefbfad3382fd453e53e0e7cd776b835a8a6f096639bd4b7bc
SGX3_DEVELOPMENT_unsupported_resolution_gain_011,development,adversarial,unsupported_resolution_gain,PROVEN,PROVEN,PROVEN,PROVEN,PROVEN,0,4c1561aa0114de647da4fa707c2282cd57d82417503959f4e27a21caab1ecaa6
SGX3_DEVELOPMENT_unsupported_resolution_gain_012,development,compositional,unsupported_resolution_gain,PROVEN,PROVEN,PROVEN,PROVEN,PROVEN,0,915f54f2bb2b8b598e506b00d02f178d2b555631b05d7443b8854ba357b0603f
SGX3_DEVELOPMENT_unsupported_resolution_gain_013,development,adversarial,unsupported_resolution_gain,REFUTED,PROVEN,PROVEN,PROVEN,REFUTED,1,7d7f4b0d83a167b8b39ba14c69586be543f5e07c1179915b0f34f7e48c167faf
SGX3_DEVELOPMENT_unsupported_resolution_gain_014,development,compositional,unsupported_resolution_gain,REFUTED,PROVEN,PROVEN,PROVEN,REFUTED,1,d2c5cc3e23d909ad6a473d9103ba4608d30118443e1aa15449e6b5bede595738
SGX3_DEVELOPMENT_unsupported_resolution_gain_015,development,compositional,unsupported_resolution_gain,PROVEN,PROVEN,PROVEN,PROVEN,PROVEN,0,7cf12952aff2d6bd05f010cc18553f78ad9e47ffedacb89317528ba43127d14a
SGX3_HELDOUT-FAMILY_rate_sum_without_duration_000,heldout-family,adversarial,rate_sum_without_duration,REFUTED,PROVEN,PROVEN,PROVEN,REFUTED,1,24cd35caa43c7c8f06506976bf968d48b273bfebd15ff04b3c79684e566a6862
SGX3_HELDOUT-FAMILY_rate_sum_without_duration_001,heldout-family,compositional,rate_sum_without_duration,PROVEN,PROVEN,PROVEN,PROVEN,PROVEN,0,fd080862c2c1d57f31f67509124d8d9a9423a8b05f7c59770232894293fef101
SGX3_HELDOUT-FAMILY_rate_sum_without_duration_002,heldout-family,compositional,rate_sum_without_duration,REFUTED,PROVEN,PROVEN,PROVEN,REFUTED,1,7f1dd432c655b7a5037a0f7bc2c56511d035994c273c83d55dda78ccf276ab16
SGX3_HELDOUT-FAMILY_rate_sum_without_duration_003,heldout-family,atomic,rate_sum_without_duration,REFUTED,PROVEN,PROVEN,PROVEN,REFUTED,1,9882ce163d7f7a20c5d00da4df25c31cd6ec439b760d57b029a4409f8c1a9371
SGX3_HELDOUT-FAMILY_rate_sum_without_duration_004,heldout-family,atomic,rate_sum_without_duration,PROVEN,PROVEN,PROVEN,PROVEN,PROVEN,0,518b34eacb44254cc88391fd8db14f4f94f25bc39d3bea42444e23ea037d01c9
SGX3_HELDOUT-FAMILY_rate_sum_without_duration_005,heldout-family,compositional,rate_sum_without_duration,PROVEN,PROVEN,PROVEN,PROVEN,PROVEN,0,94320f9f2a423780ab75cdc7207123fa5269ff7d78cc3b634295b0e5adaf942b
SGX3_HELDOUT-FAMILY_vertical_datum_mismatch_000,heldout-family,adversarial,vertical_datum_mismatch,REFUTED,PROVEN,PROVEN,PROVEN,REFUTED,1,993a3c31a73f207957384e27fd5e1cff510ba3142265e692cbcf09c3c2e6cb1d
SGX3_HELDOUT-FAMILY_vertical_datum_mismatch_001,heldout-family,compositional,vertical_datum_mismatch,PROVEN,PROVEN,PROVEN,PROVEN,PROVEN,0,1ac7340ad475003ca40ff917fcc40f958869ec99f83614936e2e6147b6de76d6
SGX3_HELDOUT-FAMILY_vertical_datum_mismatch_002,heldout-family,atomic,vertical_datum_mismatch,REFUTED,PROVEN,PROVEN,PROVEN,REFUTED,1,6d06856fadb0436b608b48fcec8a794dacde9859dd3859978541a5f319d64b97
SGX3_HELDOUT-FAMILY_vertical_datum_unknown_000,heldout-family,compositional,vertical_datum_unknown,UNPROVEN,PROVEN,UNPROVEN,PROVEN,UNPROVEN,1,8713f337fbd50a6d68c694db506e209d0985bb195f67a69f43152ab350394780
SGX3_HELDOUT-FAMILY_vertical_datum_unknown_001,heldout-family,compositional,vertical_datum_unknown,PROVEN,PROVEN,PROVEN,PROVEN,PROVEN,0,aee5dcc1ad5911d0cf1b4bfff67886dc12f138df0e0ed7fdeaf78cfdf0521e9d
SGX3_HELDOUT-FAMILY_multisensor_time_mismatch_000,heldout-family,adversarial,multisensor_time_mismatch,REFUTED,PROVEN,PROVEN,PROVEN,REFUTED,1,69422c10394072185ce1647c6a52e85bfabe26a23fcbc0bff0827ae67ef56cc8
SGX3_HELDOUT-FAMILY_multisensor_time_mismatch_001,heldout-family,compositional,multisensor_time_mismatch,REFUTED,PROVEN,PROVEN,PROVEN,REFUTED,1,c83f1eaceeeabbef373237bf7427cfd3fb4bfe8904912543f85aa929b247555f
SGX3_HELDOUT-FAMILY_multisensor_time_mismatch_002,heldout-family,atomic,multisensor_time_mismatch,REFUTED,PROVEN,PROVEN,PROVEN,REFUTED,1,37032f1ffb49872ef89e09d7415d34a71c3dc1568fb3f417403393df2d92c5c5
SGX3_HELDOUT-FAMILY_multisensor_time_mismatch_003,heldout-family,adversarial,multisensor_time_mismatch,PROVEN,PROVEN,PROVEN,PROVEN,PROVEN,0,835ab56a87de178ea15f615e913a59b7951995608873922e5c3c99a0017a4473
SGX3_HELDOUT-FAMILY_multisensor_time_mismatch_004,heldout-family,atomic,multisensor_time_mismatch,PROVEN,PROVEN,PROVEN,PROVEN,PROVEN,0,68abe229b1f57f98e3f919bffbb756cf4b84811146e92cc4f7ce9a6be2dbc715
SGX3_HELDOUT-FAMILY_multisensor_time_mismatch_005,heldout-family,atomic,multisensor_time_mismatch,REFUTED,PROVEN,PROVEN,PROVEN,REFUTED,1,2b863a9846877481e2153b092fb51579964b7b5d1d5c70117033642a265b0fd7
SGX3_HELDOUT-FAMILY_multisensor_time_mismatch_006,heldout-family,adversarial,multisensor_time_mismatch,REFUTED,PROVEN,PROVEN,PROVEN,REFUTED,1,aec38ccc95dece0e9a84eeb4eba7c394fa9b39db1b8485a1b1b8b87222035ec2
SGX3_HELDOUT-FAMILY_multisensor_time_mismatch_007,heldout-family,compositional,multisensor_time_mismatch,PROVEN,PROVEN,PROVEN,PROVEN,PROVEN,0,64b47e5c2dce74bc11fa7af09ac00c2c9c6032ddb4b72c4e2775c96c82f70155
SGX3_HELDOUT-FAMILY_multisensor_time_mismatch_008,heldout-family,adversarial,multisensor_time_mismatch,REFUTED,PROVEN,PROVEN,PROVEN,REFUTED,1,a42c04a89597a600c5a08c51f63136fee4f4c6123a495e1b62f8a2fd6c5f481c
SGX3_HELDOUT-FAMILY_multisensor_time_mismatch_009,heldout-family,atomic,multisensor_time_mismatch,REFUTED,PROVEN,PROVEN,PROVEN,REFUTED,1,9b968f7d23c59c1efe3bff99787f4de04b97893499eed3e3f59d8c9f692c0437
SGX3_HELDOUT-FAMILY_multisensor_time_mismatch_010,heldout-family,atomic,multisensor_time_mismatch,REFUTED,PROVEN,PROVEN,PROVEN,REFUTED,1,9ad778d455296e0b55faa4b37b77eba1daf9d786eaca49fc58854731976329a3
SGX3_HELDOUT-FAMILY_multisensor_time_mismatch_011,heldout-family,atomic,multisensor_time_mismatch,REFUTED,PROVEN,PROVEN,PROVEN,REFUTED,1,69115074e04216417b6ae9adfc038dbaf790f169f01d8bd5bd628f192d5f374b
SGX3_HELDOUT-FAMILY_multisensor_time_mismatch_012,heldout-family,atomic,multisensor_time_mismatch,PROVEN,PROVEN,PROVEN,PROVEN,PROVEN,0,fffbfc52df626fdd43b133ad2a3d7212524f23d071b431a0e79820ef44e3b869
SGX3_HELDOUT-FAMILY_multisensor_time_mismatch_013,heldout-family,compositional,multisensor_time_mismatch,PROVEN,PROVEN,PROVEN,PROVEN,PROVEN,0,6c7ce97d18b16a678c47a25c4cefffbd5a1bf57033de0595a849fc6fb0f504ce
SGX3_HELDOUT-FAMILY_multisensor_time_mismatch_014,heldout-family,adversarial,multisensor_time_mismatch,REFUTED,PROVEN,PROVEN,PROVEN,REFUTED,1,1d351dfcb112c9c300b839e4e5f7cbd095997d50e72c3f9dc42c15a7c5981619
SGX3_HELDOUT-FAMILY_multisensor_time_mismatch_015,heldout-family,adversarial,multisensor_time_mismatch,PROVEN,PROVEN,PROVEN,PROVEN,PROVEN,0,b24e1b8ad6fc802cc4e19a3abd4f9ca6a34c090bb276c51d4291b1f264af4abd
SGX3_HELDOUT-FAMILY_missing_provenance_000,heldout-family,atomic,missing_provenance,UNPROVEN,PROVEN,UNPROVEN,UNPROVEN,UNPROVEN,1,9cb0f5fcb58332b850b01fa56837394d7f2ee3361e30909acd7c6c9e37f9f604
SGX3_HELDOUT-FAMILY_missing_provenance_001,heldout-family,atomic,missing_provenance,PROVEN,PROVEN,PROVEN,PROVEN,PROVEN,0,2329538d509a830d98dcf57b7067a40bfa146f7daf0a6694084aa1bd4e58f527
SGX3_HELDOUT-FAMILY_uncertainty_missing_000,heldout-family,compositional,uncertainty_missing,UNPROVEN,PROVEN,PROVEN,PROVEN,UNPROVEN,1,f415fdf815f7836c80edfe13aae2e4e90da8627874b351c3757e16dba061ce06
SGX3_HELDOUT-FAMILY_uncertainty_missing_001,heldout-family,compositional,uncertainty_missing,PROVEN,PROVEN,PROVEN,PROVEN,PROVEN,0,080513a1fdd273cef4cc64c9d0f902b96855f1c34502cd31f5d23ad19347d1cc
SGX3_HELDOUT-FAMILY_uncertainty_missing_002,heldout-family,compositional,uncertainty_missing,PROVEN,PROVEN,PROVEN,PROVEN,PROVEN,0,23bad4a0dc2a52b94033b2f99daafa32c98e13bf6fa3033d1bbd014225d657f5
SGX3_HELDOUT-FAMILY_uncertainty_missing_003,heldout-family,adversarial,uncertainty_missing,PROVEN,PROVEN,PROVEN,PROVEN,PROVEN,0,500ff92e893f6e3033363652ffe96519fcd00fc85497cc326038ef946aae5d24
SGX3_HELDOUT-FAMILY_uncertainty_missing_004,heldout-family,adversarial,uncertainty_missing,PROVEN,PROVEN,PROVEN,PROVEN,PROVEN,0,bffd5496cbc9de0f632320238ac2dc8025949c244b872acc4a63f29a0fa2f846
SGX3_HELDOUT-FAMILY_uncertainty_missing_005,heldout-family,adversarial,uncertainty_missing,PROVEN,PROVEN,PROVEN,PROVEN,PROVEN,0,adf201b69ca8e3d387d76fc56db19aee7c3224c5c731633b247541c1de166fc0
SGX3_HELDOUT-FAMILY_uncertainty_missing_006,heldout-family,atomic,uncertainty_missing,PROVEN,PROVEN,PROVEN,PROVEN,PROVEN,0,c2d0c2e60585355c98b43f6376869b0f923b1862c1ea8a7181ee8a2d56dedc6f
SGX3_HELDOUT-FAMILY_uncertainty_missing_007,heldout-family,adversarial,uncertainty_missing,PROVEN,PROVEN,PROVEN,PROVEN,PROVEN,0,f53023862e771dbc64eb18d171dacdb70770b57c11c499a8f4c65cf925536252
SGX3_HELDOUT-FAMILY_uncertainty_missing_008,heldout-family,atomic,uncertainty_missing,PROVEN,PROVEN,PROVEN,PROVEN,PROVEN,0,ec1fb20025a92004b463af7fc6aa7830aa621de3ef457814acf8fcd96c21b7b3
SGX3_HELDOUT-FAMILY_uncertainty_missing_009,heldout-family,compositional,uncertainty_missing,PROVEN,PROVEN,PROVEN,PROVEN,PROVEN,0,04c7190f4c9308157e354a4cb582c93b7ef59bccddf5a5afcb70675412a1db58
SGX3_HELDOUT-FAMILY_uncertainty_missing_010,heldout-family,compositional,uncertainty_missing,PROVEN,PROVEN,PROVEN,PROVEN,PROVEN,0,9f4534025aa3bec2e7b5685a3789007b6164310706135825053fa097750f5817
SGX3_HELDOUT-FAMILY_uncertainty_missing_011,heldout-family,adversarial,uncertainty_missing,PROVEN,PROVEN,PROVEN,PROVEN,PROVEN,0,7db07d12d6904deb63f5a42221592b9dd4e9d09fcf4e6dbeb0bc32ea0f9330df
SGX3_HELDOUT-FAMILY_uncertainty_missing_012,heldout-family,adversarial,uncertainty_missing,PROVEN,PROVEN,PROVEN,PROVEN,PROVEN,0,e400387e2ad5bc9b80531ccd7b80f6b4cba3419ea6bdde9ac72eea5b39df3d6a
SGX3_HELDOUT-FAMILY_uncertainty_missing_013,heldout-family,compositional,uncertainty_missing,PROVEN,PROVEN,PROVEN,PROVEN,PROVEN,0,ff2f3c693d213ecbae27235d40687c74adb9e236eeea8d011bb9c8e8e9c0b3b4
SGX3_HELDOUT-FAMILY_uncertainty_missing_014,heldout-family,adversarial,uncertainty_missing,PROVEN,PROVEN,PROVEN,PROVEN,PROVEN,0,499c0e76cd05370c96f4e6de7e3c29ea4425b327cbe2eaa50d96ebf60aeef2e6
SGX3_HELDOUT-FAMILY_uncertainty_missing_015,heldout-family,compositional,uncertainty_missing,PROVEN,PROVEN,PROVEN,PROVEN,PROVEN,0,41ee09796f68d37d1fac10f6909bd9ddcd0d815464fe606948eafb383f92026f
SGX3_HELDOUT-FAMILY_unit_dimension_mismatch_000,heldout-family,adversarial,unit_dimension_mismatch,REFUTED,PROVEN,PROVEN,PROVEN,REFUTED,1,6ddc027c7e3cb391e5d5ccb07ca7ded89ddad71d25127031b1af86c6fdfaa980
SGX3_HELDOUT-FAMILY_unit_dimension_mismatch_001,heldout-family,atomic,unit_dimension_mismatch,REFUTED,PROVEN,PROVEN,PROVEN,REFUTED,1,defa0d710a4ad9a90bb1724186af9581abedc9a897fa3b901638340c622b5b08
SGX3_HELDOUT-FAMILY_unit_dimension_mismatch_002,heldout-family,atomic,unit_dimension_mismatch,PROVEN,PROVEN,PROVEN,PROVEN,PROVEN,0,117b2778c424703efc7dd42043b9021c9785cf1e9b55626e07e2549b2f90e357
SGX3_HELDOUT-FAMILY_unit_dimension_mismatch_003,heldout-family,atomic,unit_dimension_mismatch,PROVEN,PROVEN,PROVEN,PROVEN,PROVEN,0,40c6237d52a64fc35c6dd3d655c86f7719117296b2f4afb0c26f5c0d92184175
SGX3_HELDOUT-FAMILY_physical_range_violation_000,heldout-family,adversarial,physical_range_violation,REFUTED,PROVEN,PROVEN,PROVEN,REFUTED,1,c0e9031faf8051f2181ccce721569abdf73946eff2e2611f710c3f751f8307cb
SGX3_HELDOUT-FAMILY_physical_range_violation_001,heldout-family,compositional,physical_range_violation,REFUTED,PROVEN,PROVEN,PROVEN,REFUTED,1,c3064cf5baa6ea8b0398dfffe75482328f06b068746a1d90e842392bdbc096a6
SGX3_HELDOUT-FAMILY_physical_range_violation_002,heldout-family,atomic,physical_range_violation,REFUTED,PROVEN,PROVEN,PROVEN,REFUTED,1,88b5dbc3cc7f6af491e39cf3ab710328aa99ff8ea36c5edd7b261f49417286ba
SGX3_HELDOUT-FAMILY_physical_range_violation_003,heldout-family,atomic,physical_range_violation,PROVEN,PROVEN,PROVEN,PROVEN,PROVEN,0,bc9af57aa254e1cdbcdc49bf5370dcb89dd3cca6b2bd933f91daafbfad87b45c
SGX3_HELDOUT-FAMILY_physical_range_violation_004,heldout-family,atomic,physical_range_violation,PROVEN,PROVEN,PROVEN,PROVEN,PROVEN,0,262b2d204f2a81ef2fa491095c5d13f05e5c61f34c69e5aa00086c0b17de97c0
SGX3_HELDOUT-FAMILY_physical_range_violation_005,heldout-family,adversarial,physical_range_violation,PROVEN,PROVEN,PROVEN,PROVEN,PROVEN,0,c69917a3ca60a7fc0d04b42ab6b8750272f71618899f593bde6f8d2ae77e7065
SGX3_HELDOUT-FAMILY_physical_range_violation_006,heldout-family,adversarial,physical_range_violation,PROVEN,PROVEN,PROVEN,PROVEN,PROVEN,0,8141083e97a942f78929024690b1b2d3f03819fab111bff90601763406570e0a
SGX3_HELDOUT-FAMILY_physical_range_violation_007,heldout-family,atomic,physical_range_violation,PROVEN,PROVEN,PROVEN,PROVEN,PROVEN,0,917dcc435fe4fd47f053df24e127ed25fe24496a1b458bbf0066c60bf76d4528
SGX3_HELDOUT-FAMILY_physical_range_violation_008,heldout-family,atomic,physical_range_violation,PROVEN,PROVEN,PROVEN,PROVEN,PROVEN,0,3d9b6ae9e8371f329867c122d9eeddbb42adf42ad3524747367ede79b21dfa4c
SGX3_HELDOUT-FAMILY_physical_range_violation_009,heldout-family,atomic,physical_range_violation,PROVEN,PROVEN,PROVEN,PROVEN,PROVEN,0,07f938c5c51eef4e844061bf69f089ab7440f7a3dd43f5643bc6c7741d743ae8
SGX3_HELDOUT-FAMILY_physical_range_violation_010,heldout-family,atomic,physical_range_violation,PROVEN,PROVEN,PROVEN,PROVEN,PROVEN,0,8431beabcbd3dd19d856f958afe7ceeabb7db6c47fed9c0b0082cfea85391c70
SGX3_HELDOUT-FAMILY_physical_range_violation_011,heldout-family,compositional,physical_range_violation,PROVEN,PROVEN,PROVEN,PROVEN,PROVEN,0,479a9fb7e9de6f6be436d84a386d71714da75452871427b70da282472a010344
SGX3_HELDOUT-FAMILY_physical_range_violation_012,heldout-family,compositional,physical_range_violation,PROVEN,PROVEN,PROVEN,PROVEN,PROVEN,0,12132531109de5b2e5237e47a0d62e779d1490c697f4eacdcd160e32e1fa2301
SGX3_HELDOUT-FAMILY_physical_range_violation_013,heldout-family,adversarial,physical_range_violation,PROVEN,PROVEN,PROVEN,PROVEN,PROVEN,0,1399ec56c309ba04b9083fd53ebe7b9f51459705ce19ba452916f4c196344722
SGX3_HELDOUT-FAMILY_physical_range_violation_014,heldout-family,compositional,physical_range_violation,PROVEN,PROVEN,PROVEN,PROVEN,PROVEN,0,98e8d5e26b5a869d910fa380a06226b1c72713194245ef4f8af2b8aa28a32e7c
SGX3_HELDOUT-FAMILY_physical_range_violation_015,heldout-family,compositional,physical_range_violation,PROVEN,PROVEN,PROVEN,PROVEN,PROVEN,0,4c6acd63cfeb21ddcd0bc375eada0e1f17de99e6552c5347a268520e49fa0c9c
SGX3_HELDOUT-FAMILY_categorical_mean_aggregation_000,heldout-family,compositional,categorical_mean_aggregation,REFUTED,PROVEN,PROVEN,PROVEN,REFUTED,1,5e3130dfaf1ad24322cddf00c45b053a1e7d0a89559771b7553d98671980b25b
SGX3_HELDOUT-FAMILY_categorical_mean_aggregation_001,heldout-family,compositional,categorical_mean_aggregation,PROVEN,PROVEN,PROVEN,PROVEN,PROVEN,0,37319c060d9cab240e31575d3722355017f5489e7def627a71d2c2bbd1f41757
SGX3_HELDOUT-FAMILY_categorical_mean_aggregation_002,heldout-family,atomic,categorical_mean_aggregation,REFUTED,PROVEN,PROVEN,PROVEN,REFUTED,1,038532d8e97c0938dc598e02c878277d1f43b44902e85161ab28cbc31149a7f2
SGX3_HELDOUT-FAMILY_temporal_split_overlap_000,heldout-family,adversarial,temporal_split_overlap,REFUTED,PROVEN,PROVEN,PROVEN,REFUTED,1,b9fccaac7484edb640bf4a2412a6119b7c3a07fb4c10f99aff994377930d5dff
SGX3_HELDOUT-FAMILY_temporal_split_overlap_001,heldout-family,compositional,temporal_split_overlap,REFUTED,PROVEN,PROVEN,PROVEN,REFUTED,1,be5cf150529273fd60e0710d6c514d07454d7e2157c767c175df521366009032
SGX3_HELDOUT-FAMILY_temporal_split_overlap_002,heldout-family,compositional,temporal_split_overlap,REFUTED,PROVEN,PROVEN,PROVEN,REFUTED,1,b8e9f5d2c5b4e4c9e89375161ee3bedffd8bc3a240d936b46a74cbdb1da9584a
SGX3_HELDOUT-FAMILY_temporal_split_overlap_003,heldout-family,compositional,temporal_split_overlap,REFUTED,PROVEN,PROVEN,PROVEN,REFUTED,1,792802efc58ee2d95aeaf327d178f8dcda2f969d22e3cb04f1cdf417cdefb6f4
SGX3_HELDOUT-FAMILY_temporal_split_overlap_004,heldout-family,adversarial,temporal_split_overlap,REFUTED,PROVEN,PROVEN,PROVEN,REFUTED,1,d9d0edf3abe1bc4206fcf36f58c388a24512db538f20ced33a0361596249b8fa
SGX3_HELDOUT-FAMILY_temporal_split_overlap_005,heldout-family,atomic,temporal_split_overlap,PROVEN,PROVEN,PROVEN,PROVEN,PROVEN,0,cb538f35fbe0ba26142d026540e46a0204b5b742fc51b6d22be73c4e6bc18691
SGX3_HELDOUT-FAMILY_temporal_split_overlap_006,heldout-family,compositional,temporal_split_overlap,PROVEN,PROVEN,PROVEN,PROVEN,PROVEN,0,65a42cbdcbf74cfa274c9fc34d56a965e758d1a757ddf00778904e0afe1c3fc3
SGX3_HELDOUT-FAMILY_temporal_split_overlap_007,heldout-family,atomic,temporal_split_overlap,PROVEN,PROVEN,PROVEN,PROVEN,PROVEN,0,af34976ea0511a2340541539376f8c934cb6684dd58f9ddae60c9828bb71dbf6
SGX3_HELDOUT-FAMILY_temporal_split_overlap_008,heldout-family,adversarial,temporal_split_overlap,PROVEN,PROVEN,PROVEN,PROVEN,PROVEN,0,5cdcd4d3b225cc11e917d90ff0c8d36625eb5b9927c08014a8a53315ec6f6427
SGX3_HELDOUT-FAMILY_temporal_split_overlap_009,heldout-family,atomic,temporal_split_overlap,PROVEN,PROVEN,PROVEN,PROVEN,PROVEN,0,83f6eda1579ce95d02803f5f3614866236af7656c74b619113f3f5280038e299
SGX3_HELDOUT-FAMILY_temporal_split_overlap_010,heldout-family,adversarial,temporal_split_overlap,PROVEN,PROVEN,PROVEN,PROVEN,PROVEN,0,8165ece3c430754595de2161d8a4d05bb786bc659f7ada7a3abc79dd5360bcd7
SGX3_HELDOUT-FAMILY_temporal_split_overlap_011,heldout-family,adversarial,temporal_split_overlap,PROVEN,PROVEN,PROVEN,PROVEN,PROVEN,0,c2cd26ae815e0ad41bf04ce733e7bb87bfc135d38d4a0b4d829ec99093784617
SGX3_HELDOUT-FAMILY_temporal_split_overlap_012,heldout-family,atomic,temporal_split_overlap,PROVEN,PROVEN,PROVEN,PROVEN,PROVEN,0,0192b57a540a5761a093652e60d0be29b0a7ff0eeb62eb6dd22d028428ad7e7f
SGX3_HELDOUT-FAMILY_temporal_split_overlap_013,heldout-family,atomic,temporal_split_overlap,REFUTED,PROVEN,PROVEN,PROVEN,REFUTED,1,e2a7c1f2649a05beed8972a68c3414d82cc8dae25f666d486326c06b6fc30aad
SGX3_HELDOUT-FAMILY_temporal_split_overlap_014,heldout-family,compositional,temporal_split_overlap,REFUTED,PROVEN,PROVEN,PROVEN,REFUTED,1,b1e6d2110ecc0a27b42b672366492ce6e9803b048d12b1bf912cd64067732c0b
SGX3_HELDOUT-FAMILY_temporal_split_overlap_015,heldout-family,compositional,temporal_split_overlap,PROVEN,PROVEN,PROVEN,PROVEN,PROVEN,0,1e58d7a04ea90317c406208d633deed8eecdba6763a86412795deac94fee0c97
SGX3_HELDOUT-FAMILY_scene_overlap_leakage_000,heldout-family,adversarial,scene_overlap_leakage,REFUTED,PROVEN,PROVEN,PROVEN,REFUTED,1,4e9e2da2beab3a4a6b0fa01f0713a0a7259f05126ddac456d6123db06898a982
SGX3_HELDOUT-FAMILY_scene_overlap_leakage_001,heldout-family,compositional,scene_overlap_leakage,PROVEN,PROVEN,PROVEN,PROVEN,PROVEN,0,d064e258625816db0580249225ec054776d8674bd8aafc10a445f0acfb5f27c2
SGX3_HELDOUT-FAMILY_scene_overlap_leakage_002,heldout-family,adversarial,scene_overlap_leakage,REFUTED,PROVEN,PROVEN,PROVEN,REFUTED,1,8b72f0ac66ec057a135e47b3c1d15d4b3f1a484a352d6bded516f77fc13ecefc
SGX3_HELDOUT-FAMILY_scene_overlap_leakage_003,heldout-family,compositional,scene_overlap_leakage,REFUTED,PROVEN,PROVEN,PROVEN,REFUTED,1,07648365255cd2265d84bb5c140256b83c9b19a7e39e7819e7a8ddc9c9db2d29
SGX3_HELDOUT-FAMILY_scene_overlap_leakage_004,heldout-family,compositional,scene_overlap_leakage,REFUTED,PROVEN,PROVEN,PROVEN,REFUTED,1,4cbf3aa30d97b6c41fb5e3ddedc49c44094ded0535d48d0f55e93cb5f800e732
SGX3_HELDOUT-FAMILY_scene_overlap_leakage_005,heldout-family,compositional,scene_overlap_leakage,REFUTED,PROVEN,PROVEN,PROVEN,REFUTED,1,ea097a04c0c3fc2fafa2daae0f951d1cd24beaca7145dfb1abbdb519e90ff8af
SGX3_HELDOUT-FAMILY_scene_overlap_leakage_006,heldout-family,atomic,scene_overlap_leakage,REFUTED,PROVEN,PROVEN,PROVEN,REFUTED,1,bc4cb75139ffa8553af786628e5bbc653317d740808986fa336a622755cca35c
SGX3_HELDOUT-FAMILY_scene_overlap_leakage_007,heldout-family,atomic,scene_overlap_leakage,REFUTED,PROVEN,PROVEN,PROVEN,REFUTED,1,14c313d3a4d052cc636d81c4f371c173dd0771502f92a210f0996e3a726f8815
SGX3_HELDOUT-FAMILY_scene_overlap_leakage_008,heldout-family,compositional,scene_overlap_leakage,REFUTED,PROVEN,PROVEN,PROVEN,REFUTED,1,1069337866f0a95929089bb15994c10e67350d4d2b3f8bf9bee967b010ac6a5b
SGX3_HELDOUT-FAMILY_scene_overlap_leakage_009,heldout-family,adversarial,scene_overlap_leakage,REFUTED,PROVEN,PROVEN,PROVEN,REFUTED,1,964839aeeeeb51e9654c2cf5e16556bef563ef47265890bd2846153d68ea735c
SGX3_HELDOUT-FAMILY_scene_overlap_leakage_010,heldout-family,adversarial,scene_overlap_leakage,REFUTED,PROVEN,PROVEN,PROVEN,REFUTED,1,7fb52db4e4ac1615a7e1bc226c1d93778b92aebc5b91fca8f691d45b59e03e3d
SGX3_HELDOUT-FAMILY_scene_overlap_leakage_011,heldout-family,adversarial,scene_overlap_leakage,REFUTED,PROVEN,PROVEN,PROVEN,REFUTED,1,1dae97984f5ba4e612bfd4b70a57c116a6f7fb26d52cece5be1d7830b4dd48a2
SGX3_HELDOUT-FAMILY_scene_overlap_leakage_012,heldout-family,compositional,scene_overlap_leakage,REFUTED,PROVEN,PROVEN,PROVEN,REFUTED,1,47ca46fddc117a6a78cd161fea4162c96c9bde61cf7465055721110bdb59ed12
SGX3_HELDOUT-FAMILY_scene_overlap_leakage_013,heldout-family,atomic,scene_overlap_leakage,REFUTED,PROVEN,PROVEN,PROVEN,REFUTED,1,5ebda33623e3b1e83775ca505d51c4eec50e9bafa7f0250f455740f8a5c1f8e0
SGX3_HELDOUT-FAMILY_scene_overlap_leakage_014,heldout-family,adversarial,scene_overlap_leakage,REFUTED,PROVEN,PROVEN,PROVEN,REFUTED,1,2a5be27ef4144afd7f87ab67c03e0a34b389b310d4587f7e5f01168107959560
SGX3_HELDOUT-FAMILY_scene_overlap_leakage_015,heldout-family,atomic,scene_overlap_leakage,REFUTED,PROVEN,PROVEN,PROVEN,REFUTED,1,1cea13bc8c0bf9a08c624abb42cc563278ec41284480656b3e0bf51742c44098
SGX3_HELDOUT-FAMILY_quality_metadata_loss_000,heldout-family,adversarial,quality_metadata_loss,REFUTED,PROVEN,PROVEN,PROVEN,REFUTED,1,f079bc3f2c2b95f5e6e1b2b397dcd571417a5e512bc15b69c0e217d7dc9bb235
SGX3_HELDOUT-FAMILY_quality_metadata_loss_001,heldout-family,compositional,quality_metadata_loss,PROVEN,PROVEN,PROVEN,PROVEN,PROVEN,0,1a67e66c7847a8d241097c30cced499d92402590d70fd6472ef473f87f743652
SGX3_BLIND_flood_remote_sensing_000,blind-composition,blind,flood_remote_sensing,REFUTED,PROVEN,PROVEN,PROVEN,REFUTED,1,4799d7bc41642950a5b5a97d6271f641b82fc32d2bd6640ed32a7f7138b98212
SGX3_BLIND_flood_remote_sensing_001,blind-composition,blind,flood_remote_sensing,REFUTED,PROVEN,PROVEN,PROVEN,REFUTED,1,5a9d6f0549c6409fc182ae893ee631fa8f7e593b006ca96bef8325c651f5b4f3
SGX3_BLIND_flood_remote_sensing_002,blind-composition,blind,flood_remote_sensing,REFUTED,PROVEN,PROVEN,PROVEN,REFUTED,2,060bdce3cc8a487d1d1003e271e37178d2b2315852b83c75ae94b5dd5a7e6133
SGX3_BLIND_flood_remote_sensing_003,blind-composition,blind,flood_remote_sensing,REFUTED,PROVEN,PROVEN,PROVEN,REFUTED,1,e8ea2ccc22a44567aa6999325054f23e7203cbd659d9bf4d3740cb39e5c831e4
SGX3_BLIND_flood_remote_sensing_004,blind-composition,blind,flood_remote_sensing,REFUTED,PROVEN,PROVEN,PROVEN,REFUTED,2,6c443f0571c52abe684c7f6b93bfe4b5f92b378cc994f9161c124d757b0f24d3
SGX3_BLIND_flood_remote_sensing_005,blind-composition,blind,flood_remote_sensing,REFUTED,PROVEN,PROVEN,PROVEN,REFUTED,1,c40d2f89ff8c01a380c6d2ac481ec7e451b5b8c7a2d05472d87ebaa600e30cce
SGX3_BLIND_flood_remote_sensing_006,blind-composition,blind,flood_remote_sensing,REFUTED,PROVEN,PROVEN,PROVEN,REFUTED,1,ecb29d9ed8b635685b67120f6f4b654420f98f0ac694db41e9eaa1feac696e08
SGX3_BLIND_flood_remote_sensing_007,blind-composition,blind,flood_remote_sensing,REFUTED,PROVEN,PROVEN,PROVEN,REFUTED,1,35e656fe488ead7606798d7583e04f01a7366aa243310fb7fc54a5a26fb56e6a
SGX3_BLIND_flood_remote_sensing_008,blind-composition,blind,flood_remote_sensing,PROVEN,PROVEN,PROVEN,PROVEN,PROVEN,0,c4f37593d41ca2897f0eb469e5a02d907622cffad32197e568b72f32ff285013
SGX3_BLIND_flood_remote_sensing_009,blind-composition,blind,flood_remote_sensing,REFUTED,PROVEN,PROVEN,PROVEN,REFUTED,1,990818ea8ccf9355fc3a7fbe1d8375c1ade3128310e8b749e08c3083db5840dc
SGX3_BLIND_flood_remote_sensing_010,blind-composition,blind,flood_remote_sensing,PROVEN,PROVEN,PROVEN,PROVEN,PROVEN,0,55d7876c3192d094c8b36635fe3b1ea12cfde335bbdbf5f2c871da00434b161e
SGX3_BLIND_flood_remote_sensing_011,blind-composition,blind,flood_remote_sensing,REFUTED,PROVEN,PROVEN,PROVEN,REFUTED,1,e4385af882ef7a38454d857d8b47434a8631b2ac5b358ddb253d4360cd3357ae
SGX3_BLIND_flood_remote_sensing_012,blind-composition,blind,flood_remote_sensing,REFUTED,PROVEN,PROVEN,PROVEN,REFUTED,2,461100296d18d9432eedc0cbb75049b0185a552792c408a41cf618fc8c71ecdc
SGX3_BLIND_flood_remote_sensing_013,blind-composition,blind,flood_remote_sensing,REFUTED,PROVEN,PROVEN,PROVEN,REFUTED,1,899783cbfeeb661ed6902435c4f4ef803e8a69b052fa44cb3f3c9816f1b8410b
SGX3_BLIND_flood_remote_sensing_014,blind-composition,blind,flood_remote_sensing,REFUTED,PROVEN,PROVEN,PROVEN,REFUTED,2,350f041c4d0add7990e43621eafe009302b6d67c6bc03c7c2e6d46f2060236ef
SGX3_BLIND_flood_remote_sensing_015,blind-composition,blind,flood_remote_sensing,REFUTED,PROVEN,PROVEN,PROVEN,REFUTED,2,f83c7afa3a7262e877fffb43889b92de4156544f731f38de16d96ad598aa69b5
SGX3_BLIND_flood_remote_sensing_016,blind-composition,blind,flood_remote_sensing,REFUTED,PROVEN,PROVEN,PROVEN,REFUTED,2,3f61b6038987ac5a96bbd817becacabeb0739df3d0ad989a49607f0a8ea209fe
SGX3_BLIND_flood_remote_sensing_017,blind-composition,blind,flood_remote_sensing,REFUTED,PROVEN,PROVEN,PROVEN,REFUTED,1,e6d990635c6a63439912f9f1ad09d24eb021df7324a3731603506e0dbd153e20
SGX3_BLIND_flood_remote_sensing_018,blind-composition,blind,flood_remote_sensing,REFUTED,PROVEN,PROVEN,PROVEN,REFUTED,1,4c524e689629de6907062e5f26aaf0e30155c4ec5fde93cd6f6766252eebc4ff
SGX3_BLIND_flood_remote_sensing_019,blind-composition,blind,flood_remote_sensing,PROVEN,PROVEN,PROVEN,PROVEN,PROVEN,0,7fcede14bd6a1b4e13f85a68134f74bb5aedcb84ba0f46003c4dbd7ca6c537a5
SGX3_BLIND_flood_remote_sensing_020,blind-composition,blind,flood_remote_sensing,REFUTED,PROVEN,PROVEN,PROVEN,REFUTED,1,99eefb3555e441d842c141bf1c2afb4c76d0d1818e94eb66064e4ce6b0dbc081
SGX3_BLIND_flood_remote_sensing_021,blind-composition,blind,flood_remote_sensing,REFUTED,PROVEN,PROVEN,PROVEN,REFUTED,1,0f18edf0ab2226ec75c12fb1cfc9646cae61f15facc5465fc572ed8b97f0aa14
SGX3_BLIND_flood_remote_sensing_022,blind-composition,blind,flood_remote_sensing,REFUTED,PROVEN,PROVEN,PROVEN,REFUTED,1,fbe5373691504bce5c8559c631873712a1d4a6e5800e7ae1d77abd3e3d85c807
SGX3_BLIND_flood_remote_sensing_023,blind-composition,blind,flood_remote_sensing,REFUTED,PROVEN,PROVEN,PROVEN,REFUTED,2,973931e0c45e543122937919516c52df1d8a507f74f7cf4ce10177fdc77adf3c
SGX3_BLIND_flood_remote_sensing_024,blind-composition,blind,flood_remote_sensing,REFUTED,PROVEN,PROVEN,PROVEN,REFUTED,2,fb1cae74d8583577b97e6845f0574e72de216a3f2faa17d149a0e64e6941baa4
SGX3_BLIND_flood_remote_sensing_025,blind-composition,blind,flood_remote_sensing,PROVEN,PROVEN,PROVEN,PROVEN,PROVEN,0,ff0d68084659dbe1eb21f71aa92688c0a3405e20fb1e3225e833d3e23ac0404a
SGX3_BLIND_flood_remote_sensing_026,blind-composition,blind,flood_remote_sensing,REFUTED,PROVEN,PROVEN,PROVEN,REFUTED,2,51e4bb23f0b812e14030b842851fad3b3477b7a27fef0d2bbd3028e301c4e6bf
SGX3_BLIND_flood_remote_sensing_027,blind-composition,blind,flood_remote_sensing,REFUTED,PROVEN,PROVEN,PROVEN,REFUTED,1,8ed6f6cc1fe0276be566b1b5804423d2850642c45f1d435555d87841570923e6
SGX3_BLIND_flood_remote_sensing_028,blind-composition,blind,flood_remote_sensing,REFUTED,PROVEN,PROVEN,PROVEN,REFUTED,2,f561c5b1e23e734596512914983673acca1128be383291f7f17d736459060d9d
SGX3_BLIND_flood_remote_sensing_029,blind-composition,blind,flood_remote_sensing,PROVEN,PROVEN,PROVEN,PROVEN,PROVEN,0,6fe7bf0ce03fcab7db2c336520900f295661375c6e22070a38ede62b2538b74e
SGX3_BLIND_flood_remote_sensing_030,blind-composition,blind,flood_remote_sensing,REFUTED,PROVEN,PROVEN,PROVEN,REFUTED,2,88ab8360a8a2b7593ad8c90e9fcf08bcf893f6916a0849c964e48d6b5af81bf1
SGX3_BLIND_flood_remote_sensing_031,blind-composition,blind,flood_remote_sensing,REFUTED,PROVEN,PROVEN,PROVEN,REFUTED,1,124cbcfb28a60b15f12e2e766387e13fb55289ace381ac59468744511e9223d1
SGX3_BLIND_flood_remote_sensing_032,blind-composition,blind,flood_remote_sensing,REFUTED,PROVEN,PROVEN,PROVEN,REFUTED,1,18f5a45e4d0eceaa347cc22340a55d7c8f01bb3ee6a62f2142ee4e58aa20215b
SGX3_BLIND_flood_remote_sensing_033,blind-composition,blind,flood_remote_sensing,REFUTED,PROVEN,PROVEN,PROVEN,REFUTED,1,aa99895a973d2cc52cf1ccfa3cf2ed805d6a948b1660da1d686dc63172c31ff8
SGX3_BLIND_flood_remote_sensing_034,blind-composition,blind,flood_remote_sensing,REFUTED,PROVEN,PROVEN,PROVEN,REFUTED,3,a8e1d89eb76a223dd21997a6f10820c41469ae169a27c4e3456f242bdc4b49b1
SGX3_BLIND_flood_remote_sensing_035,blind-composition,blind,flood_remote_sensing,REFUTED,PROVEN,PROVEN,PROVEN,REFUTED,2,31562b472902d6bd25dd13a6237ff820b24e6838d1d849305c4874d626ffa81d
SGX3_BLIND_flood_remote_sensing_036,blind-composition,blind,flood_remote_sensing,PROVEN,PROVEN,PROVEN,PROVEN,PROVEN,0,2b41771a0f94dba3a580131e5ca7e9509b6e5cbccb0101ac6d3ee95fa5d53e85
SGX3_BLIND_flood_remote_sensing_037,blind-composition,blind,flood_remote_sensing,REFUTED,PROVEN,PROVEN,PROVEN,REFUTED,3,c52b4ae78269591fad18c0eb9fd7e56e7740689fcec7bdec418bdadda993bdb7
SGX3_BLIND_flood_remote_sensing_038,blind-composition,blind,flood_remote_sensing,REFUTED,PROVEN,PROVEN,PROVEN,REFUTED,1,766419886eef1c0767c483d91cda8decd3b7f6f2bd0c44f686fcbff573be0e3e
SGX3_BLIND_flood_remote_sensing_039,blind-composition,blind,flood_remote_sensing,REFUTED,PROVEN,PROVEN,PROVEN,REFUTED,2,2a1a160819389676231c91f40df10a0eece449365bbc4059d45054a833dda7b3
SGX3_BLIND_flood_remote_sensing_040,blind-composition,blind,flood_remote_sensing,REFUTED,PROVEN,PROVEN,PROVEN,REFUTED,2,e1b183b2f045d5a514604e1080ac30e95c6c71e4567ac284f31dbfdd87feb399
SGX3_BLIND_flood_remote_sensing_041,blind-composition,blind,flood_remote_sensing,REFUTED,PROVEN,PROVEN,PROVEN,REFUTED,1,96a359709c394e01cdf6e478adb2dd18b47af31c33422023218cddeff6d0bc65
SGX3_BLIND_flood_remote_sensing_042,blind-composition,blind,flood_remote_sensing,REFUTED,PROVEN,PROVEN,PROVEN,REFUTED,1,f80c5cd82ec2fcf0688fb5692db4779bd2117e5a25c08807448fc5131b015f78
SGX3_BLIND_flood_remote_sensing_043,blind-composition,blind,flood_remote_sensing,PROVEN,PROVEN,PROVEN,PROVEN,PROVEN,0,f2e53f056e29b08de29a1a1eed5498160252e714b46af3acbcee11bf1703ec9f
SGX3_BLIND_flood_remote_sensing_044,blind-composition,blind,flood_remote_sensing,REFUTED,PROVEN,PROVEN,PROVEN,REFUTED,1,dbf39eb2c4431d1bb230acfac63bca4090519d848500c32f20a899e3a901c004
SGX3_BLIND_flood_remote_sensing_045,blind-composition,blind,flood_remote_sensing,REFUTED,PROVEN,PROVEN,PROVEN,REFUTED,1,ce52d94124811a7d5fa7be766f1643c947a20685f924837423eac3e2937f3c42
SGX3_BLIND_flood_remote_sensing_046,blind-composition,blind,flood_remote_sensing,REFUTED,PROVEN,PROVEN,PROVEN,REFUTED,2,a97faacfdd23424c4f19c2825edcf1d915e1be553d9fc80cc6e42ae344914ac5
SGX3_BLIND_flood_remote_sensing_047,blind-composition,blind,flood_remote_sensing,PROVEN,PROVEN,PROVEN,PROVEN,PROVEN,0,4dbb26a53db2c45e1d9ec595168d8de0892426445433df107eb724aaf5598ebf
SGX3_BLIND_flood_remote_sensing_048,blind-composition,blind,flood_remote_sensing,REFUTED,PROVEN,PROVEN,PROVEN,REFUTED,2,ba8acda28bee2c8ec7141d8c18723887d6546f6cff31095a9142489719c5caa5
SGX3_BLIND_flood_remote_sensing_049,blind-composition,blind,flood_remote_sensing,PROVEN,PROVEN,PROVEN,PROVEN,PROVEN,0,d039fecc0bb2c755b1db985d68ba9daf68fec949b97d8d0ff03c9b51aadfb39e
SGX3_BLIND_landslide_forecast_000,blind-composition,blind,landslide_forecast,UNPROVEN,PROVEN,UNPROVEN,UNPROVEN,UNPROVEN,1,1cdd238d7e1f0f7b1a6a8a0c7daafbc6767f0454b0f618b7e8f63e6135455096
SGX3_BLIND_landslide_forecast_001,blind-composition,blind,landslide_forecast,REFUTED,PROVEN,PROVEN,PROVEN,REFUTED,1,c7a38ca4b8a80524d083aaea37ece49b308ff5c2dc6d991b3f477aa790812ec2
SGX3_BLIND_landslide_forecast_002,blind-composition,blind,landslide_forecast,REFUTED,PROVEN,UNPROVEN,UNPROVEN,REFUTED,2,b4c282a4ae9e22c612736d9e3ddcfc7f54a3bc04b9300ba96619b95184854bbd
SGX3_BLIND_landslide_forecast_003,blind-composition,blind,landslide_forecast,REFUTED,PROVEN,PROVEN,PROVEN,REFUTED,2,5c2f6eb2c79e58a1430ae1b485318b2fe23d60f03062a6e2ebf4534f229bec5a
SGX3_BLIND_landslide_forecast_004,blind-composition,blind,landslide_forecast,REFUTED,PROVEN,UNPROVEN,UNPROVEN,REFUTED,2,a5f2ee6310d29ced61905ba689c88bde6e13aef7af473c173db60977d3906ae0
SGX3_BLIND_landslide_forecast_005,blind-composition,blind,landslide_forecast,REFUTED,PROVEN,PROVEN,PROVEN,REFUTED,2,88956c48052ce2bd0fd7cc07060a9ebd69da49e6fb7512c023bcef2cc4eef128
SGX3_BLIND_landslide_forecast_006,blind-composition,blind,landslide_forecast,REFUTED,PROVEN,PROVEN,PROVEN,REFUTED,1,ba9ab8597f5265c54390de3bec2dfecf56062daa4c7fbb061a06ec32e5848e55
SGX3_BLIND_landslide_forecast_007,blind-composition,blind,landslide_forecast,UNPROVEN,PROVEN,UNPROVEN,UNPROVEN,UNPROVEN,1,e3d18f9f7f33e8b5955a1175e03bf7b8864fd3bc8b71279ad4846c59578d23af
SGX3_BLIND_landslide_forecast_008,blind-composition,blind,landslide_forecast,REFUTED,PROVEN,PROVEN,PROVEN,REFUTED,1,238bc6f0cae18efe983e615af4ca4d9ff436402a94dea1ce2042170fa573a8e8
SGX3_BLIND_landslide_forecast_009,blind-composition,blind,landslide_forecast,PROVEN,PROVEN,PROVEN,PROVEN,PROVEN,0,a291835d0f42275f62230675696ca3d58f9c6241c2a01b1917410c6884467d18
SGX3_BLIND_landslide_forecast_010,blind-composition,blind,landslide_forecast,PROVEN,PROVEN,PROVEN,PROVEN,PROVEN,0,2358a463fbd5a1f6481a88a4013be011b19aa1207575e354739a505f41032752
SGX3_BLIND_landslide_forecast_011,blind-composition,blind,landslide_forecast,UNPROVEN,PROVEN,UNPROVEN,UNPROVEN,UNPROVEN,1,b954d1428f41a4b2a7f066daf17dddab0da15d615bf4611a270acdb64288f53f
SGX3_BLIND_landslide_forecast_012,blind-composition,blind,landslide_forecast,REFUTED,PROVEN,UNPROVEN,UNPROVEN,REFUTED,3,bc7903929a6dcc024807f0c71d5e19ca3613775b1411960edbb05343d75c76f8
SGX3_BLIND_landslide_forecast_013,blind-composition,blind,landslide_forecast,PROVEN,PROVEN,PROVEN,PROVEN,PROVEN,0,45f6590b84b2ea7310f984644ac7cf7fe65a42d0e78f72b9cf4b23eb29101235
SGX3_BLIND_landslide_forecast_014,blind-composition,blind,landslide_forecast,REFUTED,PROVEN,UNPROVEN,UNPROVEN,REFUTED,2,9a80d9b8e1b5568f675d475ce38e55aa89646d9588240b7f5d7d3e8109db31a3
SGX3_BLIND_landslide_forecast_015,blind-composition,blind,landslide_forecast,REFUTED,PROVEN,UNPROVEN,UNPROVEN,REFUTED,2,835685418ea64a5c7254d8225cab7e7bd39ffb2d8122bf263fc17ab2e5383c93
SGX3_BLIND_landslide_forecast_016,blind-composition,blind,landslide_forecast,REFUTED,PROVEN,UNPROVEN,UNPROVEN,REFUTED,3,13db26622761fe56446cf6783a54c73d0e14a51b34aef3cf7e9fbaf430ed460d
SGX3_BLIND_landslide_forecast_017,blind-composition,blind,landslide_forecast,REFUTED,PROVEN,PROVEN,PROVEN,REFUTED,1,76e76653cd22ca7b1904eda6ba20464952d2ae38a8fd98caf81ed4196aa71d54
SGX3_BLIND_landslide_forecast_018,blind-composition,blind,landslide_forecast,REFUTED,PROVEN,PROVEN,PROVEN,REFUTED,1,fee28523bc0e9b33d797c569d96ce326610762e937a33de808ca4818da080f5c
SGX3_BLIND_landslide_forecast_019,blind-composition,blind,landslide_forecast,REFUTED,PROVEN,UNPROVEN,UNPROVEN,REFUTED,3,3ef115f52cc71649d6d550fbda6ba0ea58a0f056b056f64eb20684ac5e0e9dca
SGX3_BLIND_landslide_forecast_020,blind-composition,blind,landslide_forecast,REFUTED,PROVEN,PROVEN,PROVEN,REFUTED,2,6d61866ba9e81a83117d7890f108aa770b2fc505217c189ed5b9acc55f26667e
SGX3_BLIND_landslide_forecast_021,blind-composition,blind,landslide_forecast,REFUTED,PROVEN,UNPROVEN,UNPROVEN,REFUTED,2,2f1abc39a2fe67370167af01e4e0e087e3d4674a03738e555824e5bb7c4483a2
SGX3_BLIND_landslide_forecast_022,blind-composition,blind,landslide_forecast,REFUTED,PROVEN,PROVEN,PROVEN,REFUTED,2,3aed8a98630554323e09ca1f53abd788df7a7d059a4c91abcb9ec481706e36c6
SGX3_BLIND_landslide_forecast_023,blind-composition,blind,landslide_forecast,REFUTED,PROVEN,UNPROVEN,UNPROVEN,REFUTED,3,790f4b6edb0bb68eb548d00342d691d39167d38e4721e8e25cfc0d5d5f8c9b94
SGX3_BLIND_landslide_forecast_024,blind-composition,blind,landslide_forecast,REFUTED,PROVEN,PROVEN,PROVEN,REFUTED,2,96d6ee18138b22f09b06b6e2b27b5fe2873be57c8cc6fc723c9b0d7c26c24255
SGX3_BLIND_landslide_forecast_025,blind-composition,blind,landslide_forecast,REFUTED,PROVEN,UNPROVEN,UNPROVEN,REFUTED,2,4697d2490e39522256e586cdbfd9fc1eceb5e429c09f1030b42972a2069e8887
SGX3_BLIND_landslide_forecast_026,blind-composition,blind,landslide_forecast,REFUTED,PROVEN,UNPROVEN,UNPROVEN,REFUTED,2,5d5984d64ddd49ecf3d3de96e8c0e65a8fe5354ac70506cb6cd283408367fa85
SGX3_BLIND_landslide_forecast_027,blind-composition,blind,landslide_forecast,REFUTED,PROVEN,PROVEN,PROVEN,REFUTED,2,cbef2c5760a4580fe64ce0378aefb77b7359392bde81ff1979d9aedae6dc822f
SGX3_BLIND_landslide_forecast_028,blind-composition,blind,landslide_forecast,REFUTED,PROVEN,UNPROVEN,UNPROVEN,REFUTED,3,6aae9ede3f30be6899b5a1caf05231b1d4a28673f0c07d4170278b1b741b725c
SGX3_BLIND_landslide_forecast_029,blind-composition,blind,landslide_forecast,REFUTED,PROVEN,PROVEN,PROVEN,REFUTED,1,7dcfcc4ee35443e2cc5606a542fad49e557d99ae798a034fe6e860ec9590ef01
SGX3_BLIND_landslide_forecast_030,blind-composition,blind,landslide_forecast,REFUTED,PROVEN,UNPROVEN,UNPROVEN,REFUTED,2,7946bda47fb7c110ee486625c873e73004aba102190d72c4dc60089de88263da
SGX3_BLIND_landslide_forecast_031,blind-composition,blind,landslide_forecast,UNPROVEN,PROVEN,UNPROVEN,UNPROVEN,UNPROVEN,1,efadc6275f0d37ac6f9f27606ac4e76914f2f6f821b56373549665a9442498b7
SGX3_BLIND_landslide_forecast_032,blind-composition,blind,landslide_forecast,PROVEN,PROVEN,PROVEN,PROVEN,PROVEN,0,6c0415d27e84a74339f5982e26d41554e746a46fd8b16cdb79405b59afe891fc
SGX3_BLIND_landslide_forecast_033,blind-composition,blind,landslide_forecast,REFUTED,PROVEN,UNPROVEN,UNPROVEN,REFUTED,2,2c944e02295dfb8f8f9e52c134bd3569eeba1e11cbe7dfe6553e76eef9de0a40
SGX3_BLIND_landslide_forecast_034,blind-composition,blind,landslide_forecast,REFUTED,PROVEN,PROVEN,PROVEN,REFUTED,1,387c28e34008ea50b96b069e4c19b0cbb231a659d887624ef94dbc9bacb62d44
SGX3_BLIND_landslide_forecast_035,blind-composition,blind,landslide_forecast,PROVEN,PROVEN,PROVEN,PROVEN,PROVEN,0,fc3df6dc12ded6335d22b773e92e97efd6657d49d795f3665b06777c57f0264d
SGX3_BLIND_landslide_forecast_036,blind-composition,blind,landslide_forecast,REFUTED,PROVEN,UNPROVEN,UNPROVEN,REFUTED,3,8c2e101180343e832725bdad70ddcf6216ae34b660357ea9f5077c0fda0c9efa
SGX3_BLIND_landslide_forecast_037,blind-composition,blind,landslide_forecast,UNPROVEN,PROVEN,UNPROVEN,UNPROVEN,UNPROVEN,1,28ad446ed9985abda669823e07333f4af3c12eb42978428203985903ad94e5cb
SGX3_BLIND_landslide_forecast_038,blind-composition,blind,landslide_forecast,REFUTED,PROVEN,PROVEN,PROVEN,REFUTED,2,45c7bd87b1d90d27f662dd3c37d14f3ec5f12fcc398ea06778c158cce945a160
SGX3_BLIND_landslide_forecast_039,blind-composition,blind,landslide_forecast,REFUTED,PROVEN,UNPROVEN,UNPROVEN,REFUTED,2,a5f4676cc070de5b70d92cbfc4798746cd27e2375717e076357bd89d709d0595
SGX3_BLIND_landslide_forecast_040,blind-composition,blind,landslide_forecast,REFUTED,PROVEN,UNPROVEN,UNPROVEN,REFUTED,3,79a0a73031ca01bab642303172b1cd258b323ec0ca41ca8e150ee21b9c62605a
SGX3_BLIND_landslide_forecast_041,blind-composition,blind,landslide_forecast,PROVEN,PROVEN,PROVEN,PROVEN,PROVEN,0,475a3186312cef3663710bd8951ec77dde412f1c4bd72b90e2f3e9e1f3c377e3
SGX3_BLIND_landslide_forecast_042,blind-composition,blind,landslide_forecast,REFUTED,PROVEN,PROVEN,PROVEN,REFUTED,1,81003b7177953057b81a93cc1b1e73646bc1a3307bb70f54d356745de3075356
SGX3_BLIND_landslide_forecast_043,blind-composition,blind,landslide_forecast,REFUTED,PROVEN,PROVEN,PROVEN,REFUTED,2,5bbde042204d6b1a98fab50f821aa5566cdb688cbd9b29cacc642bcc4b5d4442
SGX3_BLIND_landslide_forecast_044,blind-composition,blind,landslide_forecast,REFUTED,PROVEN,PROVEN,PROVEN,REFUTED,1,7da6e959d5c05f4c7a8988dd5157300db8e2ef87f46b7d8ba1091c9e4746cd42
SGX3_BLIND_landslide_forecast_045,blind-composition,blind,landslide_forecast,REFUTED,PROVEN,UNPROVEN,UNPROVEN,REFUTED,2,95db1b17c65260bd16d7fa5d2277a1b35620e02b495c8be1b85ef3a504f412aa
SGX3_BLIND_landslide_forecast_046,blind-composition,blind,landslide_forecast,REFUTED,PROVEN,UNPROVEN,UNPROVEN,REFUTED,2,ba2a4a9aef217b76d53b71d1e88b4a2f8a11dbfa9c587c09096cda211ce7b6d7
SGX3_BLIND_landslide_forecast_047,blind-composition,blind,landslide_forecast,REFUTED,PROVEN,PROVEN,PROVEN,REFUTED,1,4bca0b8b7e4376478eb1d212ec91522b222bc03cf82d8bcce603ea937681650e
SGX3_BLIND_landslide_forecast_048,blind-composition,blind,landslide_forecast,REFUTED,PROVEN,UNPROVEN,UNPROVEN,REFUTED,2,2d9384768ecd36beb7c942708a943fb00ba20aa1e0131493acfaa0569e852f88
SGX3_BLIND_landslide_forecast_049,blind-composition,blind,landslide_forecast,REFUTED,PROVEN,UNPROVEN,UNPROVEN,REFUTED,2,02a0e6beff8f91af5059ed40240b08092723e69d3d559aa5d02a96b76c30a86f
SGX3_BLIND_landcover_change_000,blind-composition,blind,landcover_change,PROVEN,PROVEN,PROVEN,PROVEN,PROVEN,0,e7911bd4e843996bb77125275afcbd338dae0e7e34bbaecff134848ce7c0caa5
SGX3_BLIND_landcover_change_001,blind-composition,blind,landcover_change,PROVEN,PROVEN,PROVEN,PROVEN,PROVEN,0,b9a48d3c4ab5219decc3098a247565670382f2421579975146c77ef6c0a8da2d
SGX3_BLIND_landcover_change_002,blind-composition,blind,landcover_change,REFUTED,PROVEN,PROVEN,PROVEN,REFUTED,1,0ad53e045f0d440496bea712a5fa3128903da036a932bb45607a48cab31d8c65
SGX3_BLIND_landcover_change_003,blind-composition,blind,landcover_change,REFUTED,PROVEN,PROVEN,PROVEN,REFUTED,1,9e1beb3bb2cc6fe1501dc398a45a7f713b7004f94321fa05f403d30c6042e212
SGX3_BLIND_landcover_change_004,blind-composition,blind,landcover_change,REFUTED,PROVEN,PROVEN,PROVEN,REFUTED,1,df738ffd5c118bb5ca0f01d2a641b41ce20c2825494c8e3338f2558329b6bdc9
SGX3_BLIND_landcover_change_005,blind-composition,blind,landcover_change,REFUTED,PROVEN,PROVEN,PROVEN,REFUTED,1,796aaf2ae010fe8780b3f1213cb1976bdc4f7396c784cce55421f8a2f4199652
SGX3_BLIND_landcover_change_006,blind-composition,blind,landcover_change,UNPROVEN,PROVEN,UNPROVEN,UNPROVEN,UNPROVEN,1,4376df06b525890f380232acddf969afeadeb5bbfabd6389b8a4e39ee7f825e7
SGX3_BLIND_landcover_change_007,blind-composition,blind,landcover_change,REFUTED,PROVEN,PROVEN,PROVEN,REFUTED,1,29f455c72cc424e8acac15afa58483d050b8b6df054e284e6d32a6be73b4a091
SGX3_BLIND_landcover_change_008,blind-composition,blind,landcover_change,REFUTED,PROVEN,PROVEN,PROVEN,REFUTED,1,b732e77e990a01a1e839a288675033a165c2d2158e38dfcd6fa1c7ad7ff47336
SGX3_BLIND_landcover_change_009,blind-composition,blind,landcover_change,REFUTED,PROVEN,UNPROVEN,UNPROVEN,REFUTED,2,be5c4dd0bfe0365b37c517d6d997973595f86ff891d1a8664f6e585ec999e920
SGX3_BLIND_landcover_change_010,blind-composition,blind,landcover_change,UNPROVEN,PROVEN,UNPROVEN,UNPROVEN,UNPROVEN,1,43ff07533e7e3a61c0627206fc698d7fa29c9bb8e8e126638d7e0c266dd39563
SGX3_BLIND_landcover_change_011,blind-composition,blind,landcover_change,REFUTED,PROVEN,PROVEN,PROVEN,REFUTED,1,6bea5948612240d397f9b2e520ef5aa1a0be99f67b4670d17c33ed2c961b9ada
SGX3_BLIND_landcover_change_012,blind-composition,blind,landcover_change,REFUTED,PROVEN,UNPROVEN,UNPROVEN,REFUTED,2,87e7d72168e11f21d16edc503e21331377bd8d67d0bc6c9eb17a824601e7f95e
SGX3_BLIND_landcover_change_013,blind-composition,blind,landcover_change,REFUTED,PROVEN,PROVEN,PROVEN,REFUTED,1,9d268db32ffb8885f9639c0590a10f1549be5078a89b2122273d29b14b37f563
SGX3_BLIND_landcover_change_014,blind-composition,blind,landcover_change,UNPROVEN,PROVEN,UNPROVEN,UNPROVEN,UNPROVEN,1,80be04bca4a9b196a5b04212b3a83f028eb7dc739342ca4dbb6c3eeacb2f0efb
SGX3_BLIND_landcover_change_015,blind-composition,blind,landcover_change,REFUTED,PROVEN,PROVEN,PROVEN,REFUTED,1,e61d1d6fae60799c832da726821fc4b864d3efe5f0eea250770fbe9b18816c2b
SGX3_BLIND_landcover_change_016,blind-composition,blind,landcover_change,REFUTED,PROVEN,UNPROVEN,UNPROVEN,REFUTED,2,6d6e27ecd8a6adb94d834df70af20c58df6b76bf574c051f0dc2735733df6893
SGX3_BLIND_landcover_change_017,blind-composition,blind,landcover_change,REFUTED,PROVEN,UNPROVEN,UNPROVEN,REFUTED,2,73729e3ee011fb0d11ed00e28c9249b7cdf6a40cbb092ce8e86b38f82f403bfd
SGX3_BLIND_landcover_change_018,blind-composition,blind,landcover_change,REFUTED,PROVEN,UNPROVEN,UNPROVEN,REFUTED,2,c464fac37e07682b1237d1bddaec3d1148748e0223ff60f30d6f762b934410c1
SGX3_BLIND_landcover_change_019,blind-composition,blind,landcover_change,PROVEN,PROVEN,PROVEN,PROVEN,PROVEN,0,a5b7a7f7d10a861deb3dba34736d5267499aa4d2cd958e10ede49fd4ed4c00cf
SGX3_BLIND_landcover_change_020,blind-composition,blind,landcover_change,UNPROVEN,PROVEN,UNPROVEN,UNPROVEN,UNPROVEN,1,c90e9137a704747eca691410f7cf04d11a3235ed90f592921f0892e8cd15111e
SGX3_BLIND_landcover_change_021,blind-composition,blind,landcover_change,UNPROVEN,PROVEN,UNPROVEN,UNPROVEN,UNPROVEN,1,f1d0f530754c08b2da3fd7ef829d0b31c04ace0bca76cbfcde33e2bd4d72c768
SGX3_BLIND_landcover_change_022,blind-composition,blind,landcover_change,REFUTED,PROVEN,PROVEN,PROVEN,REFUTED,1,43f5f4ce71782932f534c60f62c44aa886892e4cafda07c0cdc559027bd7dc9a
SGX3_BLIND_landcover_change_023,blind-composition,blind,landcover_change,REFUTED,PROVEN,UNPROVEN,UNPROVEN,REFUTED,2,4408790aad7a0fdca537e533e79309e6538b532a39f8e35e86ca27a698865413
SGX3_BLIND_landcover_change_024,blind-composition,blind,landcover_change,REFUTED,PROVEN,UNPROVEN,UNPROVEN,REFUTED,2,0827de130cc147bf051d3c1756b8f3df647f42274a55c2dbc2adcbd887b0e73c
SGX3_BLIND_landcover_change_025,blind-composition,blind,landcover_change,REFUTED,PROVEN,UNPROVEN,UNPROVEN,REFUTED,2,e20da9a70cf6075f16ee9d37c96b8a2c7663f3217f7703b010b538f52f7b75d0
SGX3_BLIND_landcover_change_026,blind-composition,blind,landcover_change,PROVEN,PROVEN,PROVEN,PROVEN,PROVEN,0,9d2cece5a326002a2b565e2c18d733957a42d68dfc2856e55c714b476840b195
SGX3_BLIND_landcover_change_027,blind-composition,blind,landcover_change,PROVEN,PROVEN,PROVEN,PROVEN,PROVEN,0,032aa47353e1cb289f92809003945275d22b99c7a9a7e917a6ee1ea46eabb071
SGX3_BLIND_landcover_change_028,blind-composition,blind,landcover_change,REFUTED,PROVEN,UNPROVEN,UNPROVEN,REFUTED,2,b25508a4eb5986d5c4c38573997e7fe0061e9b039727c46f42f44dc6da7138f8
SGX3_BLIND_landcover_change_029,blind-composition,blind,landcover_change,UNPROVEN,PROVEN,UNPROVEN,UNPROVEN,UNPROVEN,1,f3dedbf62520121fb097207c48a7636f1dbedc4f3602dca7afd3843f6bf5f20a
SGX3_BLIND_landcover_change_030,blind-composition,blind,landcover_change,REFUTED,PROVEN,PROVEN,PROVEN,REFUTED,1,2bd616c2c3cd727d5878ae977d8b0c5def406b1bd9e35ee44d7c558643b9af37
SGX3_BLIND_landcover_change_031,blind-composition,blind,landcover_change,UNPROVEN,PROVEN,UNPROVEN,UNPROVEN,UNPROVEN,1,0a2a79abc540ac3492c3ed157b4b0883c2dbe8858edd6f0000d19b0027f40193
SGX3_BLIND_landcover_change_032,blind-composition,blind,landcover_change,REFUTED,PROVEN,PROVEN,PROVEN,REFUTED,1,fb1fce2098886b9740f22c99b90fcf872f889305c01cc93823da6e2b8e9c3532
SGX3_BLIND_landcover_change_033,blind-composition,blind,landcover_change,REFUTED,PROVEN,PROVEN,PROVEN,REFUTED,1,7e1acbb850c58b839c9d9d7a1f5f42404d37b37de58bbb566a54e38cc945419c
SGX3_BLIND_landcover_change_034,blind-composition,blind,landcover_change,REFUTED,PROVEN,PROVEN,PROVEN,REFUTED,1,0ecefe5fe60960691c9c4222e4e3f99ffa9029c1f9c731281bcd3a51c48c8841
SGX3_BLIND_landcover_change_035,blind-composition,blind,landcover_change,REFUTED,PROVEN,PROVEN,PROVEN,REFUTED,1,d0d5932b51fa936fca3c8e395f8964a3971bcf783993137252d72cc3277a9b5f
SGX3_BLIND_landcover_change_036,blind-composition,blind,landcover_change,REFUTED,PROVEN,PROVEN,PROVEN,REFUTED,1,7e05153eb4189ece386ef2f1115727afe88ed3991ff6785a1f49bf6216550822
SGX3_BLIND_landcover_change_037,blind-composition,blind,landcover_change,REFUTED,PROVEN,PROVEN,PROVEN,REFUTED,1,e5d5b5571c450f24d7ca6b340ed6ebe17f188a6b20e505e56ed2f3a577fac389
SGX3_BLIND_landcover_change_038,blind-composition,blind,landcover_change,UNPROVEN,PROVEN,UNPROVEN,UNPROVEN,UNPROVEN,1,09651b0205747aabe58a28cea39537a585c9aefd7034c4526b3a613d6334f48d
SGX3_BLIND_landcover_change_039,blind-composition,blind,landcover_change,UNPROVEN,PROVEN,UNPROVEN,UNPROVEN,UNPROVEN,1,13439b43f130766881fa49c3e171de767b95b5fdff5afa9b4955fbe254ee831a
SGX3_BLIND_landcover_change_040,blind-composition,blind,landcover_change,REFUTED,PROVEN,UNPROVEN,UNPROVEN,REFUTED,2,8bcafdc15cb8a26f2c4f860e93d504caaeceb17ba443a9aebcddffefc48ac971
SGX3_BLIND_landcover_change_041,blind-composition,blind,landcover_change,REFUTED,PROVEN,UNPROVEN,UNPROVEN,REFUTED,2,e34879a5a7ba4bbbcb253b71f2101f9994b8063dcc2daf21488daacd9a62a38f
SGX3_BLIND_landcover_change_042,blind-composition,blind,landcover_change,REFUTED,PROVEN,UNPROVEN,UNPROVEN,REFUTED,2,fa74fdd6df876a3a5b2f5224091fccbc8e9bf9c563e8d1e0ccc2649eb95d6b08
SGX3_BLIND_landcover_change_043,blind-composition,blind,landcover_change,REFUTED,PROVEN,PROVEN,PROVEN,REFUTED,1,bb21680ecb6437899ea8f0c91492593907976e20bfdcbadad6e35417920e3895
SGX3_BLIND_landcover_change_044,blind-composition,blind,landcover_change,PROVEN,PROVEN,PROVEN,PROVEN,PROVEN,0,27a11ddc633a3401fa1dcc8ef40b1651665cfff3892090e938cd04b7f0cd2bc5
SGX3_BLIND_landcover_change_045,blind-composition,blind,landcover_change,UNPROVEN,PROVEN,UNPROVEN,UNPROVEN,UNPROVEN,1,755f940f1156f37d84b11af8ec47cdfd96b124e6a982b93bb64a02b6b067e2a4
SGX3_BLIND_landcover_change_046,blind-composition,blind,landcover_change,PROVEN,PROVEN,PROVEN,PROVEN,PROVEN,0,f13bbfbf6fb43f676f7b43b51e41c32d51e410fe9b83b2cf7e51f8e4d8676b27
SGX3_BLIND_landcover_change_047,blind-composition,blind,landcover_change,REFUTED,PROVEN,UNPROVEN,UNPROVEN,REFUTED,2,d8ecd1a62c63600c17c170ba5d0b1fe3cd84984095753bc01debe051d29826b8
SGX3_BLIND_landcover_change_048,blind-composition,blind,landcover_change,PROVEN,PROVEN,PROVEN,PROVEN,PROVEN,0,5da27f81561445046c6186560d5943901affc7d8d25afa219a108d26c3e7e55b
SGX3_BLIND_landcover_change_049,blind-composition,blind,landcover_change,REFUTED,PROVEN,PROVEN,PROVEN,REFUTED,1,fda105a28037ca3d16deb5e048a6103cfd36dccd5b9aec35032125f0a46023d7
SGX3_BLIND_flood_depth_000,blind-composition,blind,flood_depth,REFUTED,PROVEN,PROVEN,PROVEN,REFUTED,1,ce561c8a9acad94c49bbbdd474b3a5e576a87ab78e35d133fc39f13ff4949d87
SGX3_BLIND_flood_depth_001,blind-composition,blind,flood_depth,REFUTED,PROVEN,PROVEN,PROVEN,REFUTED,2,3f34564eff340928fefb80798f0aeddee2ce884658603f7c78f7ee1e558ce480
SGX3_BLIND_flood_depth_002,blind-composition,blind,flood_depth,REFUTED,PROVEN,PROVEN,PROVEN,REFUTED,2,bde8300c192abbdd0d71fdb30d6591d21206461cbb1f5268342c9db70dc79712
SGX3_BLIND_flood_depth_003,blind-composition,blind,flood_depth,REFUTED,PROVEN,PROVEN,PROVEN,REFUTED,1,be36ee171bc6e5ec52b9c827f7fb62d6f72393be401f648e6da22e0109eb11a7
SGX3_BLIND_flood_depth_004,blind-composition,blind,flood_depth,REFUTED,PROVEN,PROVEN,PROVEN,REFUTED,2,d68c7aa79a48506dfdebdbef649485d37cc5f7d9eb64d9fd236db4fe75739386
SGX3_BLIND_flood_depth_005,blind-composition,blind,flood_depth,REFUTED,PROVEN,PROVEN,PROVEN,REFUTED,1,8317bba43bc7f4f468569ce05a71283da6af8525d462d8707778f2b15776f213
SGX3_BLIND_flood_depth_006,blind-composition,blind,flood_depth,UNPROVEN,PROVEN,UNPROVEN,PROVEN,UNPROVEN,1,447b5e921647a08ef3f90022f080d8680c69f16f2427408cc5815f5ab7b2d0f4
SGX3_BLIND_flood_depth_007,blind-composition,blind,flood_depth,PROVEN,PROVEN,PROVEN,PROVEN,PROVEN,0,12ab0e5f88c82757167539873123903ca44300254665a2b12c09a15f63549721
SGX3_BLIND_flood_depth_008,blind-composition,blind,flood_depth,PROVEN,PROVEN,PROVEN,PROVEN,PROVEN,0,b8496c17f1ebd63db3b28acaa2e8ca86438e2ad9885270e7b7ef78b5b3a311ad
SGX3_BLIND_flood_depth_009,blind-composition,blind,flood_depth,REFUTED,PROVEN,PROVEN,PROVEN,REFUTED,1,5baed52d4e5e626ec4ef256b26fc0fcc3e0a3c534f2e0ca53fb56a6706d113a8
SGX3_BLIND_flood_depth_010,blind-composition,blind,flood_depth,REFUTED,PROVEN,PROVEN,PROVEN,REFUTED,1,9fa279d04570dbd929fed62c98b8039e733e43dacbdf852a195eb12524d076af
SGX3_BLIND_flood_depth_011,blind-composition,blind,flood_depth,REFUTED,PROVEN,PROVEN,PROVEN,REFUTED,1,9705706a39a3528b76dc451e4108a401e987ebb5db42f53a30998c4942ac37be
SGX3_BLIND_flood_depth_012,blind-composition,blind,flood_depth,REFUTED,PROVEN,UNPROVEN,PROVEN,REFUTED,2,c31cc19cdde60b125c692995103a6b59435b939d03efe71ab869c7cc376bc6b9
SGX3_BLIND_flood_depth_013,blind-composition,blind,flood_depth,REFUTED,PROVEN,PROVEN,PROVEN,REFUTED,1,7af2bf2434231375315b89b8551460c0a8f7b7224ce168b400e4a7255a4c4960
SGX3_BLIND_flood_depth_014,blind-composition,blind,flood_depth,REFUTED,PROVEN,PROVEN,PROVEN,REFUTED,2,bfa983a2453c5b889070b89b92b7b6e83bd136e63f19782177f4d72f169b5349
SGX3_BLIND_flood_depth_015,blind-composition,blind,flood_depth,REFUTED,PROVEN,PROVEN,PROVEN,REFUTED,1,98e4a2686b98103f2e3298e0d2b4690443746b8733966597589e453c80271c3e
SGX3_BLIND_flood_depth_016,blind-composition,blind,flood_depth,PROVEN,PROVEN,PROVEN,PROVEN,PROVEN,0,43e8ef2c52e12cd2b8c279c7f9c86fa1125ef5a06ca80684c8b3168d6cce30c9
SGX3_BLIND_flood_depth_017,blind-composition,blind,flood_depth,REFUTED,PROVEN,PROVEN,PROVEN,REFUTED,1,c22c811a03d0a6b9280492e6e42b964337f8ac8514ce438dcc0f74c544354f14
SGX3_BLIND_flood_depth_018,blind-composition,blind,flood_depth,REFUTED,PROVEN,UNPROVEN,PROVEN,REFUTED,2,e0689fe577d194fe7cc62a6b007aca25aa7aeab72894a9a40c948add2769f7e5
SGX3_BLIND_flood_depth_019,blind-composition,blind,flood_depth,REFUTED,PROVEN,UNPROVEN,PROVEN,REFUTED,2,69512c16f00bb813b81dfa3c0805800b2c4814ee949ed14fb8c863682e68845d
SGX3_BLIND_flood_depth_020,blind-composition,blind,flood_depth,REFUTED,PROVEN,PROVEN,PROVEN,REFUTED,2,170bad6e1c5a007c456cb6b4356260731ac1284c5f513cf3379fcbb7b985c385
SGX3_BLIND_flood_depth_021,blind-composition,blind,flood_depth,REFUTED,PROVEN,PROVEN,PROVEN,REFUTED,1,bb97247d027e43ac088af85300e36a1549062dc58b45dc4014853f6246cdf384
SGX3_BLIND_flood_depth_022,blind-composition,blind,flood_depth,REFUTED,PROVEN,UNPROVEN,PROVEN,REFUTED,2,27177a2b6b3cb54e462e4eb2538e6fbef9d646346bfc842e6a705c233b614779
SGX3_BLIND_flood_depth_023,blind-composition,blind,flood_depth,REFUTED,PROVEN,PROVEN,PROVEN,REFUTED,2,e38ddca07aa45f9961f09d7fbac6064a3dd0b6a7dba2f27ceee512ba3cba3eac
SGX3_BLIND_flood_depth_024,blind-composition,blind,flood_depth,REFUTED,PROVEN,PROVEN,PROVEN,REFUTED,1,8acc515f245f4c07af64eccff15d0ad9d489a5bea0e9c7ddc78cecf23787f0aa
SGX3_BLIND_flood_depth_025,blind-composition,blind,flood_depth,REFUTED,PROVEN,PROVEN,PROVEN,REFUTED,1,541e0e6e4cfa2a98dcd621b504e67a17023f59ec66e030be940b6da483835a56
SGX3_BLIND_flood_depth_026,blind-composition,blind,flood_depth,REFUTED,PROVEN,PROVEN,PROVEN,REFUTED,2,68493e573119681417719b819f7cdd711012a868448f1ccf69d547c06fe6aa84
SGX3_BLIND_flood_depth_027,blind-composition,blind,flood_depth,REFUTED,PROVEN,PROVEN,PROVEN,REFUTED,2,a57f9211fa50535de470dbf7a5bba77373d92c51df4360211c74abba1faee12f
SGX3_BLIND_flood_depth_028,blind-composition,blind,flood_depth,UNPROVEN,PROVEN,UNPROVEN,PROVEN,UNPROVEN,1,bbe7d803eca989a4b89370b93168e7176ec82e81466d854c9b000db8484aa3fa
SGX3_BLIND_flood_depth_029,blind-composition,blind,flood_depth,REFUTED,PROVEN,PROVEN,PROVEN,REFUTED,1,abb8a0129a0f147436e27f7fb5a57a239850868c6bf1f613238969bbc920d606
SGX3_BLIND_flood_depth_030,blind-composition,blind,flood_depth,UNPROVEN,PROVEN,UNPROVEN,PROVEN,UNPROVEN,1,e3479e876d4dbf85317940ea0292da5540fbfd19f36948b4588b3d7d02eb20ee
SGX3_BLIND_flood_depth_031,blind-composition,blind,flood_depth,REFUTED,PROVEN,PROVEN,PROVEN,REFUTED,1,8eb2b981133c87c975d23d292dbf27ef8561acfd1eb004756ab193d9839ae77c
SGX3_BLIND_flood_depth_032,blind-composition,blind,flood_depth,REFUTED,PROVEN,PROVEN,PROVEN,REFUTED,1,2ea1c9066f986cb1c289359e76cac53c5a6d948287204232082ace5314eb5b0b
SGX3_BLIND_flood_depth_033,blind-composition,blind,flood_depth,PROVEN,PROVEN,PROVEN,PROVEN,PROVEN,0,2856867a0433bf23bebf0da0c7c22b1b85f6306e763ea8b1dea8691cd2fd976f
SGX3_BLIND_flood_depth_034,blind-composition,blind,flood_depth,REFUTED,PROVEN,PROVEN,PROVEN,REFUTED,2,6a414ce22fe00affc3f53f745814443898ec954969049ce209ccbe830d4719e1
SGX3_BLIND_flood_depth_035,blind-composition,blind,flood_depth,REFUTED,PROVEN,PROVEN,PROVEN,REFUTED,2,db47050550e149560e1137eb6e10cc07fb335a2e84499715d207a1930766b9db
SGX3_BLIND_flood_depth_036,blind-composition,blind,flood_depth,REFUTED,PROVEN,PROVEN,PROVEN,REFUTED,2,1ad4fe5344784be6bf1cdb6b0d57ce9c4363575b9b63a871c990f82ed91ebe72
SGX3_BLIND_flood_depth_037,blind-composition,blind,flood_depth,REFUTED,PROVEN,PROVEN,PROVEN,REFUTED,1,1177090a979342bb4ba916447a5e133ef168f450399470525b67a1c88fb56b17
SGX3_BLIND_flood_depth_038,blind-composition,blind,flood_depth,REFUTED,PROVEN,PROVEN,PROVEN,REFUTED,2,ec04b7291d867e0f708367dd9d8a9aefee5737a1fe6cbdcea0d1d510191b3bd6
SGX3_BLIND_flood_depth_039,blind-composition,blind,flood_depth,REFUTED,PROVEN,UNPROVEN,PROVEN,REFUTED,2,c84ca7e5062de131ad58705d40ad7d5289e2e82b5f03b0c3cceb80cd8d2c158a
SGX3_BLIND_flood_depth_040,blind-composition,blind,flood_depth,REFUTED,PROVEN,PROVEN,PROVEN,REFUTED,2,a462158e9528460d34406ede40bc6f22a678808f94647d611acb20d87e37486a
SGX3_BLIND_flood_depth_041,blind-composition,blind,flood_depth,REFUTED,PROVEN,PROVEN,PROVEN,REFUTED,1,ea2db601618929cbb656e507905dd225cfea68441fbc52608bdad0a90f9addaf
SGX3_BLIND_flood_depth_042,blind-composition,blind,flood_depth,PROVEN,PROVEN,PROVEN,PROVEN,PROVEN,0,e2e0b54567182d8b3f990b82b402a872bce0fa3c0e1ba65f7d67046ab4248178
SGX3_BLIND_flood_depth_043,blind-composition,blind,flood_depth,REFUTED,PROVEN,PROVEN,PROVEN,REFUTED,1,1e81ae8001c09afeb95fe4366c93b54e36facba59601b52f26cf0ba77f8a54a9
SGX3_BLIND_flood_depth_044,blind-composition,blind,flood_depth,REFUTED,PROVEN,UNPROVEN,PROVEN,REFUTED,2,2516cf431ef0a4e98a8a0ee88c1ac027fb3834cbb1c7853f5885a35731a58500
SGX3_BLIND_flood_depth_045,blind-composition,blind,flood_depth,PROVEN,PROVEN,PROVEN,PROVEN,PROVEN,0,cfa513703194e0a21eaeda960fb2d4adf55eb5c16e048d038843f9afbbbabb8e
SGX3_BLIND_flood_depth_046,blind-composition,blind,flood_depth,REFUTED,PROVEN,PROVEN,PROVEN,REFUTED,1,798b0bc6f0041442e9d8adf9800c25d252d0e9c733c61e539a1d2707cf1d483c
SGX3_BLIND_flood_depth_047,blind-composition,blind,flood_depth,REFUTED,PROVEN,PROVEN,PROVEN,REFUTED,2,5ade8a7d20e3ee2de02dc6b1638fa532d5c9c10d23ec8b33f9cc18f2a6997006
SGX3_BLIND_flood_depth_048,blind-composition,blind,flood_depth,PROVEN,PROVEN,PROVEN,PROVEN,PROVEN,0,f7c0ea6e1c9835c801c4a3eea6854f32a645353402d807ff85ebb561345d1711
SGX3_BLIND_flood_depth_049,blind-composition,blind,flood_depth,UNPROVEN,PROVEN,UNPROVEN,PROVEN,UNPROVEN,1,86a07c38ef715c934f16486a5c7a35305a2c7422e9afbb59e8ec14182a657e90
SGX3_BLIND_eo_ml_validation_000,blind-composition,blind,eo_ml_validation,REFUTED,PROVEN,PROVEN,PROVEN,REFUTED,1,9c41bd38a61d0a7c83315c8bf073d2c2d2d08025069650fccef5d9c840c53b7b
SGX3_BLIND_eo_ml_validation_001,blind-composition,blind,eo_ml_validation,REFUTED,PROVEN,PROVEN,PROVEN,REFUTED,1,ccfef4f1dca58ed8adc6044625185a08a182a8fe83b2483808731da203c46870
SGX3_BLIND_eo_ml_validation_002,blind-composition,blind,eo_ml_validation,REFUTED,PROVEN,PROVEN,PROVEN,REFUTED,1,1866c05f99972946264d1e14875318e7599a5c865a02907a27bae23cc8b639c2
SGX3_BLIND_eo_ml_validation_003,blind-composition,blind,eo_ml_validation,PROVEN,PROVEN,PROVEN,PROVEN,PROVEN,0,78c21204f11fd24b705308daefcca37a128256e7d5fd1763c0a98903d072f12a
SGX3_BLIND_eo_ml_validation_004,blind-composition,blind,eo_ml_validation,PROVEN,PROVEN,PROVEN,PROVEN,PROVEN,0,5ae925913a0bd13657709c0fa38cac3e0d0cd074b09e89ae950d311677fb2d39
SGX3_BLIND_eo_ml_validation_005,blind-composition,blind,eo_ml_validation,PROVEN,PROVEN,PROVEN,PROVEN,PROVEN,0,308d86a00e7994d2c66db9ac4c12fa4861619c2d6267cdd269ceefd0ac2598b0
SGX3_BLIND_eo_ml_validation_006,blind-composition,blind,eo_ml_validation,REFUTED,PROVEN,PROVEN,PROVEN,REFUTED,1,749b50065efd206b3261f19357f626db10b2de2e3be1f0a57f2d2a477f9bfba9
SGX3_BLIND_eo_ml_validation_007,blind-composition,blind,eo_ml_validation,PROVEN,PROVEN,PROVEN,PROVEN,PROVEN,0,d337cf3f3bb2ae332d36c606ef55ceb8ea7b1615a44e7dcbc61e0e03702eb07c
SGX3_BLIND_eo_ml_validation_008,blind-composition,blind,eo_ml_validation,REFUTED,PROVEN,PROVEN,PROVEN,REFUTED,1,a3c619e9622021e10337f07217cd1de6d793b48603f56f4a87053a4d7abdb81b
SGX3_BLIND_eo_ml_validation_009,blind-composition,blind,eo_ml_validation,PROVEN,PROVEN,PROVEN,PROVEN,PROVEN,0,364cdacb30237783f49a114be22bcba1288a1df4a305797c73be964e0bf7960b
SGX3_BLIND_eo_ml_validation_010,blind-composition,blind,eo_ml_validation,PROVEN,PROVEN,PROVEN,PROVEN,PROVEN,0,d0d67ebda8a6dfd56a5f795c5ee66121a8e1572207050df8631c99d5f91add1a
SGX3_BLIND_eo_ml_validation_011,blind-composition,blind,eo_ml_validation,PROVEN,PROVEN,PROVEN,PROVEN,PROVEN,0,13f59d499e38f398bdb6ec7b202f8ad892fc8ba6abfb01e2c3ec4ca91142394e
SGX3_BLIND_eo_ml_validation_012,blind-composition,blind,eo_ml_validation,PROVEN,PROVEN,PROVEN,PROVEN,PROVEN,0,a0284b4cfa90993e0750c5b2caf5d75b3c47858942a5ba76e6cd1758ff87f830
SGX3_BLIND_eo_ml_validation_013,blind-composition,blind,eo_ml_validation,PROVEN,PROVEN,PROVEN,PROVEN,PROVEN,0,ca55147f238a133633748be85c7d12d101d99494dfa2fc718e12273eb0376bc1
SGX3_BLIND_eo_ml_validation_014,blind-composition,blind,eo_ml_validation,PROVEN,PROVEN,PROVEN,PROVEN,PROVEN,0,deadf548067a229ecb13024ff010b34320fc8d92c5ff909d477af1d363148739
SGX3_BLIND_eo_ml_validation_015,blind-composition,blind,eo_ml_validation,REFUTED,PROVEN,PROVEN,PROVEN,REFUTED,1,a3abbcd81fde3f525f53294560e6eefdfc5d0aebb154111a283dd5b609488aad
SGX3_BLIND_eo_ml_validation_016,blind-composition,blind,eo_ml_validation,PROVEN,PROVEN,PROVEN,PROVEN,PROVEN,0,70109ffd0df53d0dd12be7012039b5e9a4f9a0900417bb3103336e7c8b9abde2
SGX3_BLIND_eo_ml_validation_017,blind-composition,blind,eo_ml_validation,REFUTED,PROVEN,PROVEN,PROVEN,REFUTED,1,a1e874450a9fcc8cda737ae9d783e145cf6fe0cc0bab5435a023fd603acebede
SGX3_BLIND_eo_ml_validation_018,blind-composition,blind,eo_ml_validation,PROVEN,PROVEN,PROVEN,PROVEN,PROVEN,0,8d065be94ba373818738397cc1dbe4162d8bf117fa61820771aefdfa236e3b05
SGX3_BLIND_eo_ml_validation_019,blind-composition,blind,eo_ml_validation,REFUTED,PROVEN,PROVEN,PROVEN,REFUTED,1,3146b83dd70858368aca1473c07123d4d719a2e2400f95a557de439abc00cca4
SGX3_BLIND_eo_ml_validation_020,blind-composition,blind,eo_ml_validation,REFUTED,PROVEN,PROVEN,PROVEN,REFUTED,1,c69d2a30ab81746d1f844117876d10e39daf28e8bafa8f3784be5e30da10d6d9
SGX3_BLIND_eo_ml_validation_021,blind-composition,blind,eo_ml_validation,PROVEN,PROVEN,PROVEN,PROVEN,PROVEN,0,f6f95d1a2198732d31eca7bf4e95a9dc897401a80a95ec7fbf01a5788bcea086
SGX3_BLIND_eo_ml_validation_022,blind-composition,blind,eo_ml_validation,REFUTED,PROVEN,PROVEN,PROVEN,REFUTED,1,c79a25a7a2bce3b170fb9e394f1874e61adbe8675b79718358eac02f6fa5e522
SGX3_BLIND_eo_ml_validation_023,blind-composition,blind,eo_ml_validation,REFUTED,PROVEN,PROVEN,PROVEN,REFUTED,1,716db2385190b3e0c29834e04e08b2531ac44b14edf8cab23de3051184354ae0
SGX3_BLIND_eo_ml_validation_024,blind-composition,blind,eo_ml_validation,REFUTED,PROVEN,PROVEN,PROVEN,REFUTED,1,872378be8b7581cecbf47668b2b05865107be628e6242ced41a745485720512e
SGX3_BLIND_eo_ml_validation_025,blind-composition,blind,eo_ml_validation,REFUTED,PROVEN,PROVEN,PROVEN,REFUTED,1,9c24f2d61747e818be801fb91b325397a2f4e991b0f8b3e2201f5dd048e4d303
SGX3_BLIND_eo_ml_validation_026,blind-composition,blind,eo_ml_validation,REFUTED,PROVEN,PROVEN,PROVEN,REFUTED,1,f3d21d4f248bc757badbf9095bfd06392c9cdde70e508994577623f421f34ee5
SGX3_BLIND_eo_ml_validation_027,blind-composition,blind,eo_ml_validation,REFUTED,PROVEN,PROVEN,PROVEN,REFUTED,1,4f7e657b703c15ae84e490854ff1b601369129495f909ed8d4363d32299bf620
SGX3_BLIND_eo_ml_validation_028,blind-composition,blind,eo_ml_validation,REFUTED,PROVEN,PROVEN,PROVEN,REFUTED,1,a7ac174ad896717f2ba3def10272f8289c836bba666ef4bdf85c51a61fe0faf2
SGX3_BLIND_eo_ml_validation_029,blind-composition,blind,eo_ml_validation,PROVEN,PROVEN,PROVEN,PROVEN,PROVEN,0,8c0122673c19bde8c9bf3f4ab277726b323f0f4709f016e74caf981de6d0287a
SGX3_BLIND_eo_ml_validation_030,blind-composition,blind,eo_ml_validation,REFUTED,PROVEN,PROVEN,PROVEN,REFUTED,1,60c37583aea549311262791de51555d67cbb49a304575b45a9e1daaccbf72253
SGX3_BLIND_eo_ml_validation_031,blind-composition,blind,eo_ml_validation,REFUTED,PROVEN,PROVEN,PROVEN,REFUTED,1,b81dbcc44ec84f81ce3742daeafebbd72ee1990448e3bab3feb95b0b256edac3
SGX3_BLIND_eo_ml_validation_032,blind-composition,blind,eo_ml_validation,REFUTED,PROVEN,PROVEN,PROVEN,REFUTED,1,dbf66153178cb6f80075a877be0d28f9602dfd46f976357c74759a2de508f704
SGX3_BLIND_eo_ml_validation_033,blind-composition,blind,eo_ml_validation,REFUTED,PROVEN,PROVEN,PROVEN,REFUTED,1,df14dbe57de447636ff642fbc85a529e31df1e90f4bda008ed52d22f605f1732
SGX3_BLIND_eo_ml_validation_034,blind-composition,blind,eo_ml_validation,REFUTED,PROVEN,PROVEN,PROVEN,REFUTED,1,cacd06952cbb3df44160aed9d5c3fcbe440f1db24ff92bc7f4e038a6af119625
SGX3_BLIND_eo_ml_validation_035,blind-composition,blind,eo_ml_validation,REFUTED,PROVEN,PROVEN,PROVEN,REFUTED,1,c64b27aa0f02cd486aafd42307f5c63682a16629c1f38cafa77341a758f08c09
SGX3_BLIND_eo_ml_validation_036,blind-composition,blind,eo_ml_validation,REFUTED,PROVEN,PROVEN,PROVEN,REFUTED,1,a4cd8e42669cfef7125dd25af113b62c783af593a5c6e0328a8195c3a0f31006
SGX3_BLIND_eo_ml_validation_037,blind-composition,blind,eo_ml_validation,REFUTED,PROVEN,PROVEN,PROVEN,REFUTED,1,dc13086aa80749d72cb28b374dfa461f12572de07e8cdbb62f2c0381aeb8bb83
SGX3_BLIND_eo_ml_validation_038,blind-composition,blind,eo_ml_validation,REFUTED,PROVEN,PROVEN,PROVEN,REFUTED,1,b2d40f09afcba3b457622b67683af3913228af8c255ef490276d7dd4f2a7a5a0
SGX3_BLIND_eo_ml_validation_039,blind-composition,blind,eo_ml_validation,REFUTED,PROVEN,PROVEN,PROVEN,REFUTED,1,74edf614bf5ff375153be22d013f4a2b8b4463cdaa97148d8879e8fa8e98a053
SGX3_BLIND_eo_ml_validation_040,blind-composition,blind,eo_ml_validation,REFUTED,PROVEN,PROVEN,PROVEN,REFUTED,1,0405ab92b3eab259597d156c040f59ece491d67dcbb477f46beccd6556b44a98
SGX3_BLIND_eo_ml_validation_041,blind-composition,blind,eo_ml_validation,PROVEN,PROVEN,PROVEN,PROVEN,PROVEN,0,f1abaa1a89d82c513f7e3ce4f3e9196f75ad3b4b4c8ca4375b2abe91281bbe86
SGX3_BLIND_eo_ml_validation_042,blind-composition,blind,eo_ml_validation,REFUTED,PROVEN,PROVEN,PROVEN,REFUTED,1,2c3ce99b583b9b29a1d451f1dd5ad723af8c1aa78f6cd14da1d75583d7d4acf3
SGX3_BLIND_eo_ml_validation_043,blind-composition,blind,eo_ml_validation,REFUTED,PROVEN,PROVEN,PROVEN,REFUTED,1,c8b6e8c4b770c4447904c0581c9111c7778ef934afe5a0074795c086cda814f2
SGX3_BLIND_eo_ml_validation_044,blind-composition,blind,eo_ml_validation,REFUTED,PROVEN,PROVEN,PROVEN,REFUTED,1,6ea039792cec1a6da5ab52b7d08c177cd987d735d1ae3322136484d1465be57d
SGX3_BLIND_eo_ml_validation_045,blind-composition,blind,eo_ml_validation,PROVEN,PROVEN,PROVEN,PROVEN,PROVEN,0,a7460238994f651394dc754ca1544c05704597c958075fca6a10173735f88d84
SGX3_BLIND_eo_ml_validation_046,blind-composition,blind,eo_ml_validation,PROVEN,PROVEN,PROVEN,PROVEN,PROVEN,0,d24a80abca054266766a5ef7b0b3d1fe24c50fce4aa12204894982ae423a9c2d
SGX3_BLIND_eo_ml_validation_047,blind-composition,blind,eo_ml_validation,REFUTED,PROVEN,PROVEN,PROVEN,REFUTED,1,b2910442ed74a82b9eadd760b90597553ce518c970a366c864784a8441382135
SGX3_BLIND_eo_ml_validation_048,blind-composition,blind,eo_ml_validation,REFUTED,PROVEN,PROVEN,PROVEN,REFUTED,1,a9e67697156da9bb46236f39648288c07d93a634f57957af81565fd04ae37f34
SGX3_BLIND_eo_ml_validation_049,blind-composition,blind,eo_ml_validation,REFUTED,PROVEN,PROVEN,PROVEN,REFUTED,1,1f9a04ff94ff62e4bcca5a3883b214299a081d0fae8b87b0d782a8a4dbea4758
