file,sha256,bytes
CopDEM_multiregion_results.csv,982fb75a5da88cb60ddbf6facf7450b77386ecebc09981a2416787b3e880db8d,1523
IMERG_multiregion_results.csv,18ac3ec8ad5ce1e59fad0de8460a7c315cbfd39aa4fc1c91211cf62991f7cc12,1637
Live_source_status.csv,a7586e5f3f4d2f7c9c13d769cc1610b3626a6373af124a341fda624a07931856,130
README_v8.txt,c1affb261ea5f6cb478a44381860c309bc867f717b2f96daf0dc5626e2c170cd,1095
RealData_counterfactual_pairs.csv,08b89333efd90e3f6bb19a2f3d7894bd7d57e3ffa930a0ded181572b74fcf8a5,9759
RealData_replication_summary.csv,cda17d2f6b58a33dea5399a727a221eaf113861278ff147ef56d6275fa2afd9d,610
Replication_quality_checks.csv,5ed04a61b6f8560af9e20b972976a273280d6712e6458c16b31c2461a49ee4e3,181
Sentinel2_multiregion_results.csv,3403a3cf86ab35a022bbc1dd277c12211d8830bca1ead6112b33d50d92c4b666,2752
WorldCover_multiregion_results.csv,d80fed9da3353b52fe40221e15f30ce79c47b567a3e9706fc40e92a2d5d6f96f,2368
figure_copdem_resolution_inflation.png,7c36ac2e5a1c7803b1d5bd5c501333af2af1a9d36c8f068ddd4a3b0f9d836ee2,89473
figure_imerg_rate_semantics.png,86cdb6032c6536691682100651a8076670de8ff997a6f87a72d821bbcdc7337f,128693
figure_sentinel_spectral_effect.png,26201b08a612c915b8040be0c9636d39857d36272d0e484e31a5ac8c5989d106,131095
figure_worldcover_invalid_fraction.png,0e9b4faacb3e63d15d04d8b14170eafc6e56321d9c2df57127769000e804ab65,83980
source_and_provenance_manifest.json,3efb989588f4c670908c8e72a78c96b829b5b0226b69e83da0ddfd491b505889,2770
