split,family,n,accuracy
dev,DSM_as_DTM,24,1.0
dev,angular_area,24,1.0
dev,band_resolution_mismatch,24,1.0
dev,categorical_interpolation,24,1.0
dev,cloud_mask_omission,24,1.0
dev,future_temporal_leak,24,1.0
dev,multisensor_temporal_mismatch,24,1.0
dev,nodata_zero_fill,24,1.0
dev,rate_mean_as_accum,24,1.0
dev,spatial_leakage,24,1.0
dev,unsupported_superresolution,24,1.0
dev,wrong_processing_level,24,1.0
heldout,missing_provenance,24,1.0
heldout,rate_sum_without_duration,24,1.0
heldout,uncertainty_missing,24,1.0
heldout,unknown_vertical_datum,24,1.0
heldout,vertical_datum_mismatch,24,1.0
heldout,wrong_spectral_role,24,1.0
