case_id,split,tier,family,machine_expected,machine_verdict,expert_validity,expert_error_family,expert_severity,expert_comments,adjudicated_validity,reviewer_1,reviewer_2
SGX2_DEV_categorical_interpolation_000,dev,atomic,categorical_interpolation,REFUTED,REFUTED,,,,,,,
SGX2_DEV_categorical_interpolation_001,dev,compositional,categorical_interpolation,REFUTED,REFUTED,,,,,,,
SGX2_DEV_categorical_interpolation_002,dev,compositional,categorical_interpolation,REFUTED,REFUTED,,,,,,,
SGX2_DEV_categorical_interpolation_003,dev,compositional,categorical_interpolation,PROVEN,PROVEN,,,,,,,
SGX2_DEV_categorical_interpolation_004,dev,atomic,categorical_interpolation,REFUTED,REFUTED,,,,,,,
SGX2_DEV_categorical_interpolation_005,dev,atomic,categorical_interpolation,REFUTED,REFUTED,,,,,,,
SGX2_DEV_categorical_interpolation_006,dev,compositional,categorical_interpolation,REFUTED,REFUTED,,,,,,,
SGX2_DEV_categorical_interpolation_007,dev,atomic,categorical_interpolation,REFUTED,REFUTED,,,,,,,
SGX2_DEV_categorical_interpolation_008,dev,atomic,categorical_interpolation,REFUTED,REFUTED,,,,,,,
SGX2_DEV_categorical_interpolation_009,dev,atomic,categorical_interpolation,REFUTED,REFUTED,,,,,,,
SGX2_DEV_categorical_interpolation_010,dev,atomic,categorical_interpolation,REFUTED,REFUTED,,,,,,,
SGX2_DEV_categorical_interpolation_011,dev,compositional,categorical_interpolation,PROVEN,PROVEN,,,,,,,
SGX2_DEV_categorical_interpolation_012,dev,atomic,categorical_interpolation,REFUTED,REFUTED,,,,,,,
SGX2_DEV_categorical_interpolation_013,dev,atomic,categorical_interpolation,PROVEN,PROVEN,,,,,,,
SGX2_DEV_categorical_interpolation_014,dev,atomic,categorical_interpolation,REFUTED,REFUTED,,,,,,,
SGX2_DEV_categorical_interpolation_015,dev,adversarial,categorical_interpolation,REFUTED,REFUTED,,,,,,,
SGX2_DEV_categorical_interpolation_016,dev,compositional,categorical_interpolation,REFUTED,REFUTED,,,,,,,
SGX2_DEV_categorical_interpolation_017,dev,atomic,categorical_interpolation,PROVEN,PROVEN,,,,,,,
SGX2_DEV_categorical_interpolation_018,dev,compositional,categorical_interpolation,PROVEN,PROVEN,,,,,,,
SGX2_DEV_categorical_interpolation_019,dev,adversarial,categorical_interpolation,REFUTED,REFUTED,,,,,,,
SGX2_DEV_categorical_interpolation_020,dev,atomic,categorical_interpolation,REFUTED,REFUTED,,,,,,,
SGX2_DEV_categorical_interpolation_021,dev,adversarial,categorical_interpolation,REFUTED,REFUTED,,,,,,,
SGX2_DEV_categorical_interpolation_022,dev,compositional,categorical_interpolation,REFUTED,REFUTED,,,,,,,
SGX2_DEV_categorical_interpolation_023,dev,atomic,categorical_interpolation,PROVEN,PROVEN,,,,,,,
SGX2_DEV_rate_mean_as_accum_000,dev,compositional,rate_mean_as_accum,REFUTED,REFUTED,,,,,,,
SGX2_DEV_rate_mean_as_accum_001,dev,adversarial,rate_mean_as_accum,PROVEN,PROVEN,,,,,,,
SGX2_DEV_rate_mean_as_accum_002,dev,adversarial,rate_mean_as_accum,PROVEN,PROVEN,,,,,,,
SGX2_DEV_rate_mean_as_accum_003,dev,adversarial,rate_mean_as_accum,PROVEN,PROVEN,,,,,,,
SGX2_DEV_rate_mean_as_accum_004,dev,atomic,rate_mean_as_accum,REFUTED,REFUTED,,,,,,,
SGX2_DEV_rate_mean_as_accum_005,dev,compositional,rate_mean_as_accum,REFUTED,REFUTED,,,,,,,
SGX2_DEV_rate_mean_as_accum_006,dev,compositional,rate_mean_as_accum,REFUTED,REFUTED,,,,,,,
SGX2_DEV_rate_mean_as_accum_007,dev,atomic,rate_mean_as_accum,REFUTED,REFUTED,,,,,,,
SGX2_DEV_rate_mean_as_accum_008,dev,compositional,rate_mean_as_accum,PROVEN,PROVEN,,,,,,,
SGX2_DEV_rate_mean_as_accum_009,dev,compositional,rate_mean_as_accum,REFUTED,REFUTED,,,,,,,
SGX2_DEV_rate_mean_as_accum_010,dev,adversarial,rate_mean_as_accum,REFUTED,REFUTED,,,,,,,
SGX2_DEV_rate_mean_as_accum_011,dev,compositional,rate_mean_as_accum,REFUTED,REFUTED,,,,,,,
SGX2_DEV_rate_mean_as_accum_012,dev,compositional,rate_mean_as_accum,REFUTED,REFUTED,,,,,,,
SGX2_DEV_rate_mean_as_accum_013,dev,adversarial,rate_mean_as_accum,REFUTED,REFUTED,,,,,,,
SGX2_DEV_rate_mean_as_accum_014,dev,compositional,rate_mean_as_accum,REFUTED,REFUTED,,,,,,,
SGX2_DEV_rate_mean_as_accum_015,dev,adversarial,rate_mean_as_accum,REFUTED,REFUTED,,,,,,,
SGX2_DEV_rate_mean_as_accum_016,dev,compositional,rate_mean_as_accum,REFUTED,REFUTED,,,,,,,
SGX2_DEV_rate_mean_as_accum_017,dev,adversarial,rate_mean_as_accum,REFUTED,REFUTED,,,,,,,
SGX2_DEV_rate_mean_as_accum_018,dev,atomic,rate_mean_as_accum,PROVEN,PROVEN,,,,,,,
SGX2_DEV_rate_mean_as_accum_019,dev,compositional,rate_mean_as_accum,REFUTED,REFUTED,,,,,,,
SGX2_DEV_rate_mean_as_accum_020,dev,adversarial,rate_mean_as_accum,REFUTED,REFUTED,,,,,,,
SGX2_DEV_rate_mean_as_accum_021,dev,compositional,rate_mean_as_accum,REFUTED,REFUTED,,,,,,,
SGX2_DEV_rate_mean_as_accum_022,dev,adversarial,rate_mean_as_accum,REFUTED,REFUTED,,,,,,,
SGX2_DEV_rate_mean_as_accum_023,dev,compositional,rate_mean_as_accum,REFUTED,REFUTED,,,,,,,
SGX2_DEV_angular_area_000,dev,compositional,angular_area,PROVEN,PROVEN,,,,,,,
SGX2_DEV_angular_area_001,dev,adversarial,angular_area,REFUTED,REFUTED,,,,,,,
SGX2_DEV_angular_area_002,dev,compositional,angular_area,REFUTED,REFUTED,,,,,,,
SGX2_DEV_angular_area_003,dev,atomic,angular_area,REFUTED,REFUTED,,,,,,,
SGX2_DEV_angular_area_004,dev,atomic,angular_area,PROVEN,PROVEN,,,,,,,
SGX2_DEV_angular_area_005,dev,compositional,angular_area,REFUTED,REFUTED,,,,,,,
SGX2_DEV_angular_area_006,dev,compositional,angular_area,REFUTED,REFUTED,,,,,,,
SGX2_DEV_angular_area_007,dev,compositional,angular_area,PROVEN,PROVEN,,,,,,,
SGX2_DEV_angular_area_008,dev,adversarial,angular_area,REFUTED,REFUTED,,,,,,,
SGX2_DEV_angular_area_009,dev,adversarial,angular_area,REFUTED,REFUTED,,,,,,,
SGX2_DEV_angular_area_010,dev,atomic,angular_area,PROVEN,PROVEN,,,,,,,
SGX2_DEV_angular_area_011,dev,atomic,angular_area,REFUTED,REFUTED,,,,,,,
SGX2_DEV_angular_area_012,dev,atomic,angular_area,REFUTED,REFUTED,,,,,,,
SGX2_DEV_angular_area_013,dev,atomic,angular_area,PROVEN,PROVEN,,,,,,,
SGX2_DEV_angular_area_014,dev,atomic,angular_area,REFUTED,REFUTED,,,,,,,
SGX2_DEV_angular_area_015,dev,compositional,angular_area,REFUTED,REFUTED,,,,,,,
SGX2_DEV_angular_area_016,dev,compositional,angular_area,REFUTED,REFUTED,,,,,,,
SGX2_DEV_angular_area_017,dev,compositional,angular_area,PROVEN,PROVEN,,,,,,,
SGX2_DEV_angular_area_018,dev,compositional,angular_area,REFUTED,REFUTED,,,,,,,
SGX2_DEV_angular_area_019,dev,adversarial,angular_area,REFUTED,REFUTED,,,,,,,
SGX2_DEV_angular_area_020,dev,adversarial,angular_area,REFUTED,REFUTED,,,,,,,
SGX2_DEV_angular_area_021,dev,compositional,angular_area,REFUTED,REFUTED,,,,,,,
SGX2_DEV_angular_area_022,dev,atomic,angular_area,PROVEN,PROVEN,,,,,,,
SGX2_DEV_angular_area_023,dev,adversarial,angular_area,REFUTED,REFUTED,,,,,,,
SGX2_DEV_band_resolution_mismatch_000,dev,atomic,band_resolution_mismatch,REFUTED,REFUTED,,,,,,,
SGX2_DEV_band_resolution_mismatch_001,dev,atomic,band_resolution_mismatch,REFUTED,REFUTED,,,,,,,
SGX2_DEV_band_resolution_mismatch_002,dev,adversarial,band_resolution_mismatch,REFUTED,REFUTED,,,,,,,
SGX2_DEV_band_resolution_mismatch_003,dev,atomic,band_resolution_mismatch,PROVEN,PROVEN,,,,,,,
SGX2_DEV_band_resolution_mismatch_004,dev,atomic,band_resolution_mismatch,REFUTED,REFUTED,,,,,,,
SGX2_DEV_band_resolution_mismatch_005,dev,atomic,band_resolution_mismatch,REFUTED,REFUTED,,,,,,,
SGX2_DEV_band_resolution_mismatch_006,dev,compositional,band_resolution_mismatch,PROVEN,PROVEN,,,,,,,
SGX2_DEV_band_resolution_mismatch_007,dev,compositional,band_resolution_mismatch,REFUTED,REFUTED,,,,,,,
SGX2_DEV_band_resolution_mismatch_008,dev,adversarial,band_resolution_mismatch,PROVEN,PROVEN,,,,,,,
SGX2_DEV_band_resolution_mismatch_009,dev,compositional,band_resolution_mismatch,REFUTED,REFUTED,,,,,,,
SGX2_DEV_band_resolution_mismatch_010,dev,compositional,band_resolution_mismatch,PROVEN,PROVEN,,,,,,,
SGX2_DEV_band_resolution_mismatch_011,dev,compositional,band_resolution_mismatch,REFUTED,REFUTED,,,,,,,
SGX2_DEV_band_resolution_mismatch_012,dev,compositional,band_resolution_mismatch,REFUTED,REFUTED,,,,,,,
SGX2_DEV_band_resolution_mismatch_013,dev,adversarial,band_resolution_mismatch,PROVEN,PROVEN,,,,,,,
SGX2_DEV_band_resolution_mismatch_014,dev,compositional,band_resolution_mismatch,PROVEN,PROVEN,,,,,,,
SGX2_DEV_band_resolution_mismatch_015,dev,adversarial,band_resolution_mismatch,REFUTED,REFUTED,,,,,,,
SGX2_DEV_band_resolution_mismatch_016,dev,adversarial,band_resolution_mismatch,PROVEN,PROVEN,,,,,,,
SGX2_DEV_band_resolution_mismatch_017,dev,adversarial,band_resolution_mismatch,REFUTED,REFUTED,,,,,,,
SGX2_DEV_band_resolution_mismatch_018,dev,compositional,band_resolution_mismatch,REFUTED,REFUTED,,,,,,,
SGX2_DEV_band_resolution_mismatch_019,dev,atomic,band_resolution_mismatch,REFUTED,REFUTED,,,,,,,
SGX2_DEV_band_resolution_mismatch_020,dev,adversarial,band_resolution_mismatch,REFUTED,REFUTED,,,,,,,
SGX2_DEV_band_resolution_mismatch_021,dev,compositional,band_resolution_mismatch,REFUTED,REFUTED,,,,,,,
SGX2_DEV_band_resolution_mismatch_022,dev,adversarial,band_resolution_mismatch,REFUTED,REFUTED,,,,,,,
SGX2_DEV_band_resolution_mismatch_023,dev,compositional,band_resolution_mismatch,REFUTED,REFUTED,,,,,,,
SGX2_DEV_cloud_mask_omission_000,dev,atomic,cloud_mask_omission,REFUTED,REFUTED,,,,,,,
SGX2_DEV_cloud_mask_omission_001,dev,adversarial,cloud_mask_omission,PROVEN,PROVEN,,,,,,,
SGX2_DEV_cloud_mask_omission_002,dev,adversarial,cloud_mask_omission,PROVEN,PROVEN,,,,,,,
SGX2_DEV_cloud_mask_omission_003,dev,compositional,cloud_mask_omission,PROVEN,PROVEN,,,,,,,
SGX2_DEV_cloud_mask_omission_004,dev,compositional,cloud_mask_omission,REFUTED,REFUTED,,,,,,,
SGX2_DEV_cloud_mask_omission_005,dev,adversarial,cloud_mask_omission,REFUTED,REFUTED,,,,,,,
SGX2_DEV_cloud_mask_omission_006,dev,atomic,cloud_mask_omission,REFUTED,REFUTED,,,,,,,
SGX2_DEV_cloud_mask_omission_007,dev,atomic,cloud_mask_omission,REFUTED,REFUTED,,,,,,,
SGX2_DEV_cloud_mask_omission_008,dev,atomic,cloud_mask_omission,REFUTED,REFUTED,,,,,,,
SGX2_DEV_cloud_mask_omission_009,dev,atomic,cloud_mask_omission,REFUTED,REFUTED,,,,,,,
SGX2_DEV_cloud_mask_omission_010,dev,compositional,cloud_mask_omission,REFUTED,REFUTED,,,,,,,
SGX2_DEV_cloud_mask_omission_011,dev,adversarial,cloud_mask_omission,REFUTED,REFUTED,,,,,,,
SGX2_DEV_cloud_mask_omission_012,dev,compositional,cloud_mask_omission,REFUTED,REFUTED,,,,,,,
SGX2_DEV_cloud_mask_omission_013,dev,compositional,cloud_mask_omission,PROVEN,PROVEN,,,,,,,
SGX2_DEV_cloud_mask_omission_014,dev,adversarial,cloud_mask_omission,PROVEN,PROVEN,,,,,,,
SGX2_DEV_cloud_mask_omission_015,dev,compositional,cloud_mask_omission,REFUTED,REFUTED,,,,,,,
SGX2_DEV_cloud_mask_omission_016,dev,atomic,cloud_mask_omission,REFUTED,REFUTED,,,,,,,
SGX2_DEV_cloud_mask_omission_017,dev,compositional,cloud_mask_omission,REFUTED,REFUTED,,,,,,,
SGX2_DEV_cloud_mask_omission_018,dev,adversarial,cloud_mask_omission,PROVEN,PROVEN,,,,,,,
SGX2_DEV_cloud_mask_omission_019,dev,compositional,cloud_mask_omission,PROVEN,PROVEN,,,,,,,
SGX2_DEV_cloud_mask_omission_020,dev,adversarial,cloud_mask_omission,PROVEN,PROVEN,,,,,,,
SGX2_DEV_cloud_mask_omission_021,dev,atomic,cloud_mask_omission,REFUTED,REFUTED,,,,,,,
SGX2_DEV_cloud_mask_omission_022,dev,adversarial,cloud_mask_omission,REFUTED,REFUTED,,,,,,,
SGX2_DEV_cloud_mask_omission_023,dev,atomic,cloud_mask_omission,PROVEN,PROVEN,,,,,,,
SGX2_DEV_wrong_processing_level_000,dev,adversarial,wrong_processing_level,PROVEN,PROVEN,,,,,,,
SGX2_DEV_wrong_processing_level_001,dev,adversarial,wrong_processing_level,REFUTED,REFUTED,,,,,,,
SGX2_DEV_wrong_processing_level_002,dev,compositional,wrong_processing_level,REFUTED,REFUTED,,,,,,,
SGX2_DEV_wrong_processing_level_003,dev,compositional,wrong_processing_level,REFUTED,REFUTED,,,,,,,
SGX2_DEV_wrong_processing_level_004,dev,atomic,wrong_processing_level,REFUTED,REFUTED,,,,,,,
SGX2_DEV_wrong_processing_level_005,dev,adversarial,wrong_processing_level,PROVEN,PROVEN,,,,,,,
SGX2_DEV_wrong_processing_level_006,dev,atomic,wrong_processing_level,REFUTED,REFUTED,,,,,,,
SGX2_DEV_wrong_processing_level_007,dev,adversarial,wrong_processing_level,REFUTED,REFUTED,,,,,,,
SGX2_DEV_wrong_processing_level_008,dev,atomic,wrong_processing_level,REFUTED,REFUTED,,,,,,,
SGX2_DEV_wrong_processing_level_009,dev,atomic,wrong_processing_level,REFUTED,REFUTED,,,,,,,
SGX2_DEV_wrong_processing_level_010,dev,adversarial,wrong_processing_level,REFUTED,REFUTED,,,,,,,
SGX2_DEV_wrong_processing_level_011,dev,compositional,wrong_processing_level,REFUTED,REFUTED,,,,,,,
SGX2_DEV_wrong_processing_level_012,dev,atomic,wrong_processing_level,REFUTED,REFUTED,,,,,,,
SGX2_DEV_wrong_processing_level_013,dev,atomic,wrong_processing_level,REFUTED,REFUTED,,,,,,,
SGX2_DEV_wrong_processing_level_014,dev,adversarial,wrong_processing_level,REFUTED,REFUTED,,,,,,,
SGX2_DEV_wrong_processing_level_015,dev,atomic,wrong_processing_level,PROVEN,PROVEN,,,,,,,
SGX2_DEV_wrong_processing_level_016,dev,compositional,wrong_processing_level,REFUTED,REFUTED,,,,,,,
SGX2_DEV_wrong_processing_level_017,dev,adversarial,wrong_processing_level,REFUTED,REFUTED,,,,,,,
SGX2_DEV_wrong_processing_level_018,dev,adversarial,wrong_processing_level,REFUTED,REFUTED,,,,,,,
SGX2_DEV_wrong_processing_level_019,dev,compositional,wrong_processing_level,PROVEN,PROVEN,,,,,,,
SGX2_DEV_wrong_processing_level_020,dev,compositional,wrong_processing_level,REFUTED,REFUTED,,,,,,,
SGX2_DEV_wrong_processing_level_021,dev,compositional,wrong_processing_level,REFUTED,REFUTED,,,,,,,
SGX2_DEV_wrong_processing_level_022,dev,atomic,wrong_processing_level,REFUTED,REFUTED,,,,,,,
SGX2_DEV_wrong_processing_level_023,dev,adversarial,wrong_processing_level,REFUTED,REFUTED,,,,,,,
SGX2_DEV_DSM_as_DTM_000,dev,compositional,DSM_as_DTM,REFUTED,REFUTED,,,,,,,
SGX2_DEV_DSM_as_DTM_001,dev,compositional,DSM_as_DTM,REFUTED,REFUTED,,,,,,,
SGX2_DEV_DSM_as_DTM_002,dev,adversarial,DSM_as_DTM,REFUTED,REFUTED,,,,,,,
SGX2_DEV_DSM_as_DTM_003,dev,atomic,DSM_as_DTM,REFUTED,REFUTED,,,,,,,
SGX2_DEV_DSM_as_DTM_004,dev,atomic,DSM_as_DTM,REFUTED,REFUTED,,,,,,,
SGX2_DEV_DSM_as_DTM_005,dev,atomic,DSM_as_DTM,REFUTED,REFUTED,,,,,,,
SGX2_DEV_DSM_as_DTM_006,dev,compositional,DSM_as_DTM,REFUTED,REFUTED,,,,,,,
SGX2_DEV_DSM_as_DTM_007,dev,atomic,DSM_as_DTM,REFUTED,REFUTED,,,,,,,
SGX2_DEV_DSM_as_DTM_008,dev,atomic,DSM_as_DTM,REFUTED,REFUTED,,,,,,,
SGX2_DEV_DSM_as_DTM_009,dev,compositional,DSM_as_DTM,REFUTED,REFUTED,,,,,,,
SGX2_DEV_DSM_as_DTM_010,dev,compositional,DSM_as_DTM,REFUTED,REFUTED,,,,,,,
SGX2_DEV_DSM_as_DTM_011,dev,compositional,DSM_as_DTM,REFUTED,REFUTED,,,,,,,
SGX2_DEV_DSM_as_DTM_012,dev,atomic,DSM_as_DTM,REFUTED,REFUTED,,,,,,,
SGX2_DEV_DSM_as_DTM_013,dev,atomic,DSM_as_DTM,PROVEN,PROVEN,,,,,,,
SGX2_DEV_DSM_as_DTM_014,dev,adversarial,DSM_as_DTM,REFUTED,REFUTED,,,,,,,
SGX2_DEV_DSM_as_DTM_015,dev,adversarial,DSM_as_DTM,REFUTED,REFUTED,,,,,,,
SGX2_DEV_DSM_as_DTM_016,dev,compositional,DSM_as_DTM,REFUTED,REFUTED,,,,,,,
SGX2_DEV_DSM_as_DTM_017,dev,compositional,DSM_as_DTM,PROVEN,PROVEN,,,,,,,
SGX2_DEV_DSM_as_DTM_018,dev,adversarial,DSM_as_DTM,REFUTED,REFUTED,,,,,,,
SGX2_DEV_DSM_as_DTM_019,dev,atomic,DSM_as_DTM,REFUTED,REFUTED,,,,,,,
SGX2_DEV_DSM_as_DTM_020,dev,adversarial,DSM_as_DTM,PROVEN,PROVEN,,,,,,,
SGX2_DEV_DSM_as_DTM_021,dev,adversarial,DSM_as_DTM,REFUTED,REFUTED,,,,,,,
SGX2_DEV_DSM_as_DTM_022,dev,adversarial,DSM_as_DTM,PROVEN,PROVEN,,,,,,,
SGX2_DEV_DSM_as_DTM_023,dev,atomic,DSM_as_DTM,REFUTED,REFUTED,,,,,,,
SGX2_DEV_future_temporal_leak_000,dev,compositional,future_temporal_leak,PROVEN,PROVEN,,,,,,,
SGX2_DEV_future_temporal_leak_001,dev,compositional,future_temporal_leak,REFUTED,REFUTED,,,,,,,
SGX2_DEV_future_temporal_leak_002,dev,atomic,future_temporal_leak,REFUTED,REFUTED,,,,,,,
SGX2_DEV_future_temporal_leak_003,dev,adversarial,future_temporal_leak,REFUTED,REFUTED,,,,,,,
SGX2_DEV_future_temporal_leak_004,dev,adversarial,future_temporal_leak,PROVEN,PROVEN,,,,,,,
SGX2_DEV_future_temporal_leak_005,dev,compositional,future_temporal_leak,PROVEN,PROVEN,,,,,,,
SGX2_DEV_future_temporal_leak_006,dev,atomic,future_temporal_leak,REFUTED,REFUTED,,,,,,,
SGX2_DEV_future_temporal_leak_007,dev,atomic,future_temporal_leak,REFUTED,REFUTED,,,,,,,
SGX2_DEV_future_temporal_leak_008,dev,atomic,future_temporal_leak,REFUTED,REFUTED,,,,,,,
SGX2_DEV_future_temporal_leak_009,dev,compositional,future_temporal_leak,REFUTED,REFUTED,,,,,,,
SGX2_DEV_future_temporal_leak_010,dev,adversarial,future_temporal_leak,REFUTED,REFUTED,,,,,,,
SGX2_DEV_future_temporal_leak_011,dev,compositional,future_temporal_leak,PROVEN,PROVEN,,,,,,,
SGX2_DEV_future_temporal_leak_012,dev,atomic,future_temporal_leak,REFUTED,REFUTED,,,,,,,
SGX2_DEV_future_temporal_leak_013,dev,adversarial,future_temporal_leak,REFUTED,REFUTED,,,,,,,
SGX2_DEV_future_temporal_leak_014,dev,atomic,future_temporal_leak,REFUTED,REFUTED,,,,,,,
SGX2_DEV_future_temporal_leak_015,dev,atomic,future_temporal_leak,REFUTED,REFUTED,,,,,,,
SGX2_DEV_future_temporal_leak_016,dev,adversarial,future_temporal_leak,REFUTED,REFUTED,,,,,,,
SGX2_DEV_future_temporal_leak_017,dev,atomic,future_temporal_leak,REFUTED,REFUTED,,,,,,,
SGX2_DEV_future_temporal_leak_018,dev,adversarial,future_temporal_leak,REFUTED,REFUTED,,,,,,,
SGX2_DEV_future_temporal_leak_019,dev,adversarial,future_temporal_leak,REFUTED,REFUTED,,,,,,,
SGX2_DEV_future_temporal_leak_020,dev,adversarial,future_temporal_leak,REFUTED,REFUTED,,,,,,,
SGX2_DEV_future_temporal_leak_021,dev,adversarial,future_temporal_leak,PROVEN,PROVEN,,,,,,,
SGX2_DEV_future_temporal_leak_022,dev,adversarial,future_temporal_leak,REFUTED,REFUTED,,,,,,,
SGX2_DEV_future_temporal_leak_023,dev,compositional,future_temporal_leak,PROVEN,PROVEN,,,,,,,
SGX2_DEV_spatial_leakage_000,dev,adversarial,spatial_leakage,REFUTED,REFUTED,,,,,,,
SGX2_DEV_spatial_leakage_001,dev,atomic,spatial_leakage,REFUTED,REFUTED,,,,,,,
SGX2_DEV_spatial_leakage_002,dev,compositional,spatial_leakage,REFUTED,REFUTED,,,,,,,
SGX2_DEV_spatial_leakage_003,dev,adversarial,spatial_leakage,PROVEN,PROVEN,,,,,,,
SGX2_DEV_spatial_leakage_004,dev,compositional,spatial_leakage,REFUTED,REFUTED,,,,,,,
SGX2_DEV_spatial_leakage_005,dev,atomic,spatial_leakage,PROVEN,PROVEN,,,,,,,
SGX2_DEV_spatial_leakage_006,dev,atomic,spatial_leakage,PROVEN,PROVEN,,,,,,,
SGX2_DEV_spatial_leakage_007,dev,atomic,spatial_leakage,REFUTED,REFUTED,,,,,,,
SGX2_DEV_spatial_leakage_008,dev,compositional,spatial_leakage,REFUTED,REFUTED,,,,,,,
SGX2_DEV_spatial_leakage_009,dev,compositional,spatial_leakage,REFUTED,REFUTED,,,,,,,
SGX2_DEV_spatial_leakage_010,dev,compositional,spatial_leakage,REFUTED,REFUTED,,,,,,,
SGX2_DEV_spatial_leakage_011,dev,adversarial,spatial_leakage,REFUTED,REFUTED,,,,,,,
SGX2_DEV_spatial_leakage_012,dev,adversarial,spatial_leakage,REFUTED,REFUTED,,,,,,,
SGX2_DEV_spatial_leakage_013,dev,atomic,spatial_leakage,REFUTED,REFUTED,,,,,,,
SGX2_DEV_spatial_leakage_014,dev,atomic,spatial_leakage,REFUTED,REFUTED,,,,,,,
SGX2_DEV_spatial_leakage_015,dev,atomic,spatial_leakage,REFUTED,REFUTED,,,,,,,
SGX2_DEV_spatial_leakage_016,dev,compositional,spatial_leakage,REFUTED,REFUTED,,,,,,,
SGX2_DEV_spatial_leakage_017,dev,compositional,spatial_leakage,REFUTED,REFUTED,,,,,,,
SGX2_DEV_spatial_leakage_018,dev,atomic,spatial_leakage,REFUTED,REFUTED,,,,,,,
SGX2_DEV_spatial_leakage_019,dev,compositional,spatial_leakage,PROVEN,PROVEN,,,,,,,
SGX2_DEV_spatial_leakage_020,dev,atomic,spatial_leakage,PROVEN,PROVEN,,,,,,,
SGX2_DEV_spatial_leakage_021,dev,atomic,spatial_leakage,REFUTED,REFUTED,,,,,,,
SGX2_DEV_spatial_leakage_022,dev,atomic,spatial_leakage,REFUTED,REFUTED,,,,,,,
SGX2_DEV_spatial_leakage_023,dev,adversarial,spatial_leakage,REFUTED,REFUTED,,,,,,,
SGX2_DEV_nodata_zero_fill_000,dev,atomic,nodata_zero_fill,REFUTED,REFUTED,,,,,,,
SGX2_DEV_nodata_zero_fill_001,dev,compositional,nodata_zero_fill,REFUTED,REFUTED,,,,,,,
SGX2_DEV_nodata_zero_fill_002,dev,adversarial,nodata_zero_fill,PROVEN,PROVEN,,,,,,,
SGX2_DEV_nodata_zero_fill_003,dev,adversarial,nodata_zero_fill,REFUTED,REFUTED,,,,,,,
SGX2_DEV_nodata_zero_fill_004,dev,compositional,nodata_zero_fill,REFUTED,REFUTED,,,,,,,
SGX2_DEV_nodata_zero_fill_005,dev,atomic,nodata_zero_fill,REFUTED,REFUTED,,,,,,,
SGX2_DEV_nodata_zero_fill_006,dev,adversarial,nodata_zero_fill,REFUTED,REFUTED,,,,,,,
SGX2_DEV_nodata_zero_fill_007,dev,atomic,nodata_zero_fill,REFUTED,REFUTED,,,,,,,
SGX2_DEV_nodata_zero_fill_008,dev,adversarial,nodata_zero_fill,PROVEN,PROVEN,,,,,,,
SGX2_DEV_nodata_zero_fill_009,dev,adversarial,nodata_zero_fill,PROVEN,PROVEN,,,,,,,
SGX2_DEV_nodata_zero_fill_010,dev,adversarial,nodata_zero_fill,REFUTED,REFUTED,,,,,,,
SGX2_DEV_nodata_zero_fill_011,dev,atomic,nodata_zero_fill,REFUTED,REFUTED,,,,,,,
SGX2_DEV_nodata_zero_fill_012,dev,atomic,nodata_zero_fill,REFUTED,REFUTED,,,,,,,
SGX2_DEV_nodata_zero_fill_013,dev,adversarial,nodata_zero_fill,REFUTED,REFUTED,,,,,,,
SGX2_DEV_nodata_zero_fill_014,dev,atomic,nodata_zero_fill,REFUTED,REFUTED,,,,,,,
SGX2_DEV_nodata_zero_fill_015,dev,adversarial,nodata_zero_fill,REFUTED,REFUTED,,,,,,,
SGX2_DEV_nodata_zero_fill_016,dev,compositional,nodata_zero_fill,REFUTED,REFUTED,,,,,,,
SGX2_DEV_nodata_zero_fill_017,dev,adversarial,nodata_zero_fill,REFUTED,REFUTED,,,,,,,
SGX2_DEV_nodata_zero_fill_018,dev,adversarial,nodata_zero_fill,REFUTED,REFUTED,,,,,,,
SGX2_DEV_nodata_zero_fill_019,dev,atomic,nodata_zero_fill,REFUTED,REFUTED,,,,,,,
SGX2_DEV_nodata_zero_fill_020,dev,compositional,nodata_zero_fill,PROVEN,PROVEN,,,,,,,
SGX2_DEV_nodata_zero_fill_021,dev,compositional,nodata_zero_fill,PROVEN,PROVEN,,,,,,,
SGX2_DEV_nodata_zero_fill_022,dev,compositional,nodata_zero_fill,REFUTED,REFUTED,,,,,,,
SGX2_DEV_nodata_zero_fill_023,dev,compositional,nodata_zero_fill,REFUTED,REFUTED,,,,,,,
SGX2_DEV_unsupported_superresolution_000,dev,atomic,unsupported_superresolution,REFUTED,REFUTED,,,,,,,
SGX2_DEV_unsupported_superresolution_001,dev,atomic,unsupported_superresolution,PROVEN,PROVEN,,,,,,,
SGX2_DEV_unsupported_superresolution_002,dev,compositional,unsupported_superresolution,REFUTED,REFUTED,,,,,,,
SGX2_DEV_unsupported_superresolution_003,dev,adversarial,unsupported_superresolution,REFUTED,REFUTED,,,,,,,
SGX2_DEV_unsupported_superresolution_004,dev,compositional,unsupported_superresolution,PROVEN,PROVEN,,,,,,,
SGX2_DEV_unsupported_superresolution_005,dev,compositional,unsupported_superresolution,REFUTED,REFUTED,,,,,,,
SGX2_DEV_unsupported_superresolution_006,dev,compositional,unsupported_superresolution,REFUTED,REFUTED,,,,,,,
SGX2_DEV_unsupported_superresolution_007,dev,adversarial,unsupported_superresolution,REFUTED,REFUTED,,,,,,,
SGX2_DEV_unsupported_superresolution_008,dev,atomic,unsupported_superresolution,REFUTED,REFUTED,,,,,,,
SGX2_DEV_unsupported_superresolution_009,dev,compositional,unsupported_superresolution,REFUTED,REFUTED,,,,,,,
SGX2_DEV_unsupported_superresolution_010,dev,compositional,unsupported_superresolution,REFUTED,REFUTED,,,,,,,
SGX2_DEV_unsupported_superresolution_011,dev,atomic,unsupported_superresolution,REFUTED,REFUTED,,,,,,,
SGX2_DEV_unsupported_superresolution_012,dev,adversarial,unsupported_superresolution,PROVEN,PROVEN,,,,,,,
SGX2_DEV_unsupported_superresolution_013,dev,atomic,unsupported_superresolution,PROVEN,PROVEN,,,,,,,
SGX2_DEV_unsupported_superresolution_014,dev,compositional,unsupported_superresolution,REFUTED,REFUTED,,,,,,,
SGX2_DEV_unsupported_superresolution_015,dev,adversarial,unsupported_superresolution,REFUTED,REFUTED,,,,,,,
SGX2_DEV_unsupported_superresolution_016,dev,compositional,unsupported_superresolution,REFUTED,REFUTED,,,,,,,
SGX2_DEV_unsupported_superresolution_017,dev,atomic,unsupported_superresolution,PROVEN,PROVEN,,,,,,,
SGX2_DEV_unsupported_superresolution_018,dev,adversarial,unsupported_superresolution,PROVEN,PROVEN,,,,,,,
SGX2_DEV_unsupported_superresolution_019,dev,compositional,unsupported_superresolution,REFUTED,REFUTED,,,,,,,
SGX2_DEV_unsupported_superresolution_020,dev,adversarial,unsupported_superresolution,REFUTED,REFUTED,,,,,,,
SGX2_DEV_unsupported_superresolution_021,dev,adversarial,unsupported_superresolution,REFUTED,REFUTED,,,,,,,
SGX2_DEV_unsupported_superresolution_022,dev,adversarial,unsupported_superresolution,REFUTED,REFUTED,,,,,,,
SGX2_DEV_unsupported_superresolution_023,dev,adversarial,unsupported_superresolution,REFUTED,REFUTED,,,,,,,
SGX2_DEV_multisensor_temporal_mismatch_000,dev,compositional,multisensor_temporal_mismatch,REFUTED,REFUTED,,,,,,,
SGX2_DEV_multisensor_temporal_mismatch_001,dev,compositional,multisensor_temporal_mismatch,PROVEN,PROVEN,,,,,,,
SGX2_DEV_multisensor_temporal_mismatch_002,dev,adversarial,multisensor_temporal_mismatch,REFUTED,REFUTED,,,,,,,
SGX2_DEV_multisensor_temporal_mismatch_003,dev,atomic,multisensor_temporal_mismatch,REFUTED,REFUTED,,,,,,,
SGX2_DEV_multisensor_temporal_mismatch_004,dev,adversarial,multisensor_temporal_mismatch,REFUTED,REFUTED,,,,,,,
SGX2_DEV_multisensor_temporal_mismatch_005,dev,compositional,multisensor_temporal_mismatch,REFUTED,REFUTED,,,,,,,
SGX2_DEV_multisensor_temporal_mismatch_006,dev,atomic,multisensor_temporal_mismatch,PROVEN,PROVEN,,,,,,,
SGX2_DEV_multisensor_temporal_mismatch_007,dev,atomic,multisensor_temporal_mismatch,PROVEN,PROVEN,,,,,,,
SGX2_DEV_multisensor_temporal_mismatch_008,dev,adversarial,multisensor_temporal_mismatch,PROVEN,PROVEN,,,,,,,
SGX2_DEV_multisensor_temporal_mismatch_009,dev,compositional,multisensor_temporal_mismatch,REFUTED,REFUTED,,,,,,,
SGX2_DEV_multisensor_temporal_mismatch_010,dev,compositional,multisensor_temporal_mismatch,REFUTED,REFUTED,,,,,,,
SGX2_DEV_multisensor_temporal_mismatch_011,dev,atomic,multisensor_temporal_mismatch,REFUTED,REFUTED,,,,,,,
SGX2_DEV_multisensor_temporal_mismatch_012,dev,compositional,multisensor_temporal_mismatch,PROVEN,PROVEN,,,,,,,
SGX2_DEV_multisensor_temporal_mismatch_013,dev,compositional,multisensor_temporal_mismatch,REFUTED,REFUTED,,,,,,,
SGX2_DEV_multisensor_temporal_mismatch_014,dev,compositional,multisensor_temporal_mismatch,REFUTED,REFUTED,,,,,,,
SGX2_DEV_multisensor_temporal_mismatch_015,dev,compositional,multisensor_temporal_mismatch,REFUTED,REFUTED,,,,,,,
SGX2_DEV_multisensor_temporal_mismatch_016,dev,compositional,multisensor_temporal_mismatch,REFUTED,REFUTED,,,,,,,
SGX2_DEV_multisensor_temporal_mismatch_017,dev,atomic,multisensor_temporal_mismatch,REFUTED,REFUTED,,,,,,,
SGX2_DEV_multisensor_temporal_mismatch_018,dev,atomic,multisensor_temporal_mismatch,REFUTED,REFUTED,,,,,,,
SGX2_DEV_multisensor_temporal_mismatch_019,dev,atomic,multisensor_temporal_mismatch,REFUTED,REFUTED,,,,,,,
SGX2_DEV_multisensor_temporal_mismatch_020,dev,adversarial,multisensor_temporal_mismatch,REFUTED,REFUTED,,,,,,,
SGX2_DEV_multisensor_temporal_mismatch_021,dev,adversarial,multisensor_temporal_mismatch,REFUTED,REFUTED,,,,,,,
SGX2_DEV_multisensor_temporal_mismatch_022,dev,atomic,multisensor_temporal_mismatch,REFUTED,REFUTED,,,,,,,
SGX2_DEV_multisensor_temporal_mismatch_023,dev,adversarial,multisensor_temporal_mismatch,REFUTED,REFUTED,,,,,,,
SGX2_HELDOUT_rate_sum_without_duration_000,heldout,atomic,rate_sum_without_duration,REFUTED,REFUTED,,,,,,,
SGX2_HELDOUT_rate_sum_without_duration_001,heldout,compositional,rate_sum_without_duration,PROVEN,PROVEN,,,,,,,
SGX2_HELDOUT_rate_sum_without_duration_002,heldout,compositional,rate_sum_without_duration,REFUTED,REFUTED,,,,,,,
SGX2_HELDOUT_rate_sum_without_duration_003,heldout,adversarial,rate_sum_without_duration,PROVEN,PROVEN,,,,,,,
SGX2_HELDOUT_rate_sum_without_duration_004,heldout,compositional,rate_sum_without_duration,REFUTED,REFUTED,,,,,,,
SGX2_HELDOUT_rate_sum_without_duration_005,heldout,compositional,rate_sum_without_duration,PROVEN,PROVEN,,,,,,,
SGX2_HELDOUT_rate_sum_without_duration_006,heldout,compositional,rate_sum_without_duration,REFUTED,REFUTED,,,,,,,
SGX2_HELDOUT_rate_sum_without_duration_007,heldout,compositional,rate_sum_without_duration,REFUTED,REFUTED,,,,,,,
SGX2_HELDOUT_rate_sum_without_duration_008,heldout,adversarial,rate_sum_without_duration,PROVEN,PROVEN,,,,,,,
SGX2_HELDOUT_rate_sum_without_duration_009,heldout,compositional,rate_sum_without_duration,PROVEN,PROVEN,,,,,,,
SGX2_HELDOUT_rate_sum_without_duration_010,heldout,adversarial,rate_sum_without_duration,REFUTED,REFUTED,,,,,,,
SGX2_HELDOUT_rate_sum_without_duration_011,heldout,adversarial,rate_sum_without_duration,PROVEN,PROVEN,,,,,,,
SGX2_HELDOUT_rate_sum_without_duration_012,heldout,adversarial,rate_sum_without_duration,REFUTED,REFUTED,,,,,,,
SGX2_HELDOUT_rate_sum_without_duration_013,heldout,compositional,rate_sum_without_duration,REFUTED,REFUTED,,,,,,,
SGX2_HELDOUT_rate_sum_without_duration_014,heldout,atomic,rate_sum_without_duration,REFUTED,REFUTED,,,,,,,
SGX2_HELDOUT_rate_sum_without_duration_015,heldout,adversarial,rate_sum_without_duration,REFUTED,REFUTED,,,,,,,
SGX2_HELDOUT_rate_sum_without_duration_016,heldout,compositional,rate_sum_without_duration,REFUTED,REFUTED,,,,,,,
SGX2_HELDOUT_rate_sum_without_duration_017,heldout,adversarial,rate_sum_without_duration,REFUTED,REFUTED,,,,,,,
SGX2_HELDOUT_rate_sum_without_duration_018,heldout,compositional,rate_sum_without_duration,REFUTED,REFUTED,,,,,,,
SGX2_HELDOUT_rate_sum_without_duration_019,heldout,adversarial,rate_sum_without_duration,PROVEN,PROVEN,,,,,,,
SGX2_HELDOUT_rate_sum_without_duration_020,heldout,adversarial,rate_sum_without_duration,PROVEN,PROVEN,,,,,,,
SGX2_HELDOUT_rate_sum_without_duration_021,heldout,adversarial,rate_sum_without_duration,REFUTED,REFUTED,,,,,,,
SGX2_HELDOUT_rate_sum_without_duration_022,heldout,adversarial,rate_sum_without_duration,PROVEN,PROVEN,,,,,,,
SGX2_HELDOUT_rate_sum_without_duration_023,heldout,atomic,rate_sum_without_duration,REFUTED,REFUTED,,,,,,,
SGX2_HELDOUT_wrong_spectral_role_000,heldout,compositional,wrong_spectral_role,REFUTED,REFUTED,,,,,,,
SGX2_HELDOUT_wrong_spectral_role_001,heldout,atomic,wrong_spectral_role,REFUTED,REFUTED,,,,,,,
SGX2_HELDOUT_wrong_spectral_role_002,heldout,adversarial,wrong_spectral_role,REFUTED,REFUTED,,,,,,,
SGX2_HELDOUT_wrong_spectral_role_003,heldout,adversarial,wrong_spectral_role,PROVEN,PROVEN,,,,,,,
SGX2_HELDOUT_wrong_spectral_role_004,heldout,atomic,wrong_spectral_role,PROVEN,PROVEN,,,,,,,
SGX2_HELDOUT_wrong_spectral_role_005,heldout,atomic,wrong_spectral_role,REFUTED,REFUTED,,,,,,,
SGX2_HELDOUT_wrong_spectral_role_006,heldout,atomic,wrong_spectral_role,REFUTED,REFUTED,,,,,,,
SGX2_HELDOUT_wrong_spectral_role_007,heldout,adversarial,wrong_spectral_role,REFUTED,REFUTED,,,,,,,
SGX2_HELDOUT_wrong_spectral_role_008,heldout,adversarial,wrong_spectral_role,PROVEN,PROVEN,,,,,,,
SGX2_HELDOUT_wrong_spectral_role_009,heldout,adversarial,wrong_spectral_role,REFUTED,REFUTED,,,,,,,
SGX2_HELDOUT_wrong_spectral_role_010,heldout,adversarial,wrong_spectral_role,REFUTED,REFUTED,,,,,,,
SGX2_HELDOUT_wrong_spectral_role_011,heldout,adversarial,wrong_spectral_role,REFUTED,REFUTED,,,,,,,
SGX2_HELDOUT_wrong_spectral_role_012,heldout,compositional,wrong_spectral_role,REFUTED,REFUTED,,,,,,,
SGX2_HELDOUT_wrong_spectral_role_013,heldout,atomic,wrong_spectral_role,REFUTED,REFUTED,,,,,,,
SGX2_HELDOUT_wrong_spectral_role_014,heldout,compositional,wrong_spectral_role,REFUTED,REFUTED,,,,,,,
SGX2_HELDOUT_wrong_spectral_role_015,heldout,compositional,wrong_spectral_role,REFUTED,REFUTED,,,,,,,
SGX2_HELDOUT_wrong_spectral_role_016,heldout,adversarial,wrong_spectral_role,PROVEN,PROVEN,,,,,,,
SGX2_HELDOUT_wrong_spectral_role_017,heldout,atomic,wrong_spectral_role,REFUTED,REFUTED,,,,,,,
SGX2_HELDOUT_wrong_spectral_role_018,heldout,atomic,wrong_spectral_role,REFUTED,REFUTED,,,,,,,
SGX2_HELDOUT_wrong_spectral_role_019,heldout,atomic,wrong_spectral_role,PROVEN,PROVEN,,,,,,,
SGX2_HELDOUT_wrong_spectral_role_020,heldout,atomic,wrong_spectral_role,REFUTED,REFUTED,,,,,,,
SGX2_HELDOUT_wrong_spectral_role_021,heldout,compositional,wrong_spectral_role,PROVEN,PROVEN,,,,,,,
SGX2_HELDOUT_wrong_spectral_role_022,heldout,adversarial,wrong_spectral_role,REFUTED,REFUTED,,,,,,,
SGX2_HELDOUT_wrong_spectral_role_023,heldout,atomic,wrong_spectral_role,REFUTED,REFUTED,,,,,,,
SGX2_HELDOUT_vertical_datum_mismatch_000,heldout,adversarial,vertical_datum_mismatch,REFUTED,REFUTED,,,,,,,
SGX2_HELDOUT_vertical_datum_mismatch_001,heldout,atomic,vertical_datum_mismatch,REFUTED,REFUTED,,,,,,,
SGX2_HELDOUT_vertical_datum_mismatch_002,heldout,adversarial,vertical_datum_mismatch,REFUTED,REFUTED,,,,,,,
SGX2_HELDOUT_vertical_datum_mismatch_003,heldout,compositional,vertical_datum_mismatch,PROVEN,PROVEN,,,,,,,
SGX2_HELDOUT_vertical_datum_mismatch_004,heldout,atomic,vertical_datum_mismatch,REFUTED,REFUTED,,,,,,,
SGX2_HELDOUT_vertical_datum_mismatch_005,heldout,compositional,vertical_datum_mismatch,REFUTED,REFUTED,,,,,,,
SGX2_HELDOUT_vertical_datum_mismatch_006,heldout,compositional,vertical_datum_mismatch,REFUTED,REFUTED,,,,,,,
SGX2_HELDOUT_vertical_datum_mismatch_007,heldout,adversarial,vertical_datum_mismatch,REFUTED,REFUTED,,,,,,,
SGX2_HELDOUT_vertical_datum_mismatch_008,heldout,atomic,vertical_datum_mismatch,PROVEN,PROVEN,,,,,,,
SGX2_HELDOUT_vertical_datum_mismatch_009,heldout,adversarial,vertical_datum_mismatch,REFUTED,REFUTED,,,,,,,
SGX2_HELDOUT_vertical_datum_mismatch_010,heldout,adversarial,vertical_datum_mismatch,REFUTED,REFUTED,,,,,,,
SGX2_HELDOUT_vertical_datum_mismatch_011,heldout,adversarial,vertical_datum_mismatch,REFUTED,REFUTED,,,,,,,
SGX2_HELDOUT_vertical_datum_mismatch_012,heldout,compositional,vertical_datum_mismatch,REFUTED,REFUTED,,,,,,,
SGX2_HELDOUT_vertical_datum_mismatch_013,heldout,adversarial,vertical_datum_mismatch,REFUTED,REFUTED,,,,,,,
SGX2_HELDOUT_vertical_datum_mismatch_014,heldout,adversarial,vertical_datum_mismatch,REFUTED,REFUTED,,,,,,,
SGX2_HELDOUT_vertical_datum_mismatch_015,heldout,atomic,vertical_datum_mismatch,PROVEN,PROVEN,,,,,,,
SGX2_HELDOUT_vertical_datum_mismatch_016,heldout,adversarial,vertical_datum_mismatch,REFUTED,REFUTED,,,,,,,
SGX2_HELDOUT_vertical_datum_mismatch_017,heldout,compositional,vertical_datum_mismatch,PROVEN,PROVEN,,,,,,,
SGX2_HELDOUT_vertical_datum_mismatch_018,heldout,adversarial,vertical_datum_mismatch,REFUTED,REFUTED,,,,,,,
SGX2_HELDOUT_vertical_datum_mismatch_019,heldout,compositional,vertical_datum_mismatch,PROVEN,PROVEN,,,,,,,
SGX2_HELDOUT_vertical_datum_mismatch_020,heldout,compositional,vertical_datum_mismatch,REFUTED,REFUTED,,,,,,,
SGX2_HELDOUT_vertical_datum_mismatch_021,heldout,compositional,vertical_datum_mismatch,REFUTED,REFUTED,,,,,,,
SGX2_HELDOUT_vertical_datum_mismatch_022,heldout,compositional,vertical_datum_mismatch,REFUTED,REFUTED,,,,,,,
SGX2_HELDOUT_vertical_datum_mismatch_023,heldout,compositional,vertical_datum_mismatch,REFUTED,REFUTED,,,,,,,
SGX2_HELDOUT_missing_provenance_000,heldout,compositional,missing_provenance,PROVEN,PROVEN,,,,,,,
SGX2_HELDOUT_missing_provenance_001,heldout,adversarial,missing_provenance,UNPROVEN,UNPROVEN,,,,,,,
SGX2_HELDOUT_missing_provenance_002,heldout,adversarial,missing_provenance,UNPROVEN,UNPROVEN,,,,,,,
SGX2_HELDOUT_missing_provenance_003,heldout,compositional,missing_provenance,PROVEN,PROVEN,,,,,,,
SGX2_HELDOUT_missing_provenance_004,heldout,compositional,missing_provenance,PROVEN,PROVEN,,,,,,,
SGX2_HELDOUT_missing_provenance_005,heldout,compositional,missing_provenance,UNPROVEN,UNPROVEN,,,,,,,
SGX2_HELDOUT_missing_provenance_006,heldout,adversarial,missing_provenance,UNPROVEN,UNPROVEN,,,,,,,
SGX2_HELDOUT_missing_provenance_007,heldout,adversarial,missing_provenance,PROVEN,PROVEN,,,,,,,
SGX2_HELDOUT_missing_provenance_008,heldout,adversarial,missing_provenance,UNPROVEN,UNPROVEN,,,,,,,
SGX2_HELDOUT_missing_provenance_009,heldout,compositional,missing_provenance,UNPROVEN,UNPROVEN,,,,,,,
SGX2_HELDOUT_missing_provenance_010,heldout,adversarial,missing_provenance,UNPROVEN,UNPROVEN,,,,,,,
SGX2_HELDOUT_missing_provenance_011,heldout,compositional,missing_provenance,UNPROVEN,UNPROVEN,,,,,,,
SGX2_HELDOUT_missing_provenance_012,heldout,atomic,missing_provenance,PROVEN,PROVEN,,,,,,,
SGX2_HELDOUT_missing_provenance_013,heldout,adversarial,missing_provenance,UNPROVEN,UNPROVEN,,,,,,,
SGX2_HELDOUT_missing_provenance_014,heldout,adversarial,missing_provenance,UNPROVEN,UNPROVEN,,,,,,,
SGX2_HELDOUT_missing_provenance_015,heldout,compositional,missing_provenance,UNPROVEN,UNPROVEN,,,,,,,
SGX2_HELDOUT_missing_provenance_016,heldout,atomic,missing_provenance,UNPROVEN,UNPROVEN,,,,,,,
SGX2_HELDOUT_missing_provenance_017,heldout,atomic,missing_provenance,UNPROVEN,UNPROVEN,,,,,,,
SGX2_HELDOUT_missing_provenance_018,heldout,compositional,missing_provenance,UNPROVEN,UNPROVEN,,,,,,,
SGX2_HELDOUT_missing_provenance_019,heldout,adversarial,missing_provenance,UNPROVEN,UNPROVEN,,,,,,,
SGX2_HELDOUT_missing_provenance_020,heldout,atomic,missing_provenance,UNPROVEN,UNPROVEN,,,,,,,
SGX2_HELDOUT_missing_provenance_021,heldout,adversarial,missing_provenance,UNPROVEN,UNPROVEN,,,,,,,
SGX2_HELDOUT_missing_provenance_022,heldout,adversarial,missing_provenance,PROVEN,PROVEN,,,,,,,
SGX2_HELDOUT_missing_provenance_023,heldout,adversarial,missing_provenance,UNPROVEN,UNPROVEN,,,,,,,
SGX2_HELDOUT_unknown_vertical_datum_000,heldout,adversarial,unknown_vertical_datum,UNPROVEN,UNPROVEN,,,,,,,
SGX2_HELDOUT_unknown_vertical_datum_001,heldout,atomic,unknown_vertical_datum,UNPROVEN,UNPROVEN,,,,,,,
SGX2_HELDOUT_unknown_vertical_datum_002,heldout,compositional,unknown_vertical_datum,UNPROVEN,UNPROVEN,,,,,,,
SGX2_HELDOUT_unknown_vertical_datum_003,heldout,adversarial,unknown_vertical_datum,UNPROVEN,UNPROVEN,,,,,,,
SGX2_HELDOUT_unknown_vertical_datum_004,heldout,compositional,unknown_vertical_datum,PROVEN,PROVEN,,,,,,,
SGX2_HELDOUT_unknown_vertical_datum_005,heldout,atomic,unknown_vertical_datum,PROVEN,PROVEN,,,,,,,
SGX2_HELDOUT_unknown_vertical_datum_006,heldout,atomic,unknown_vertical_datum,UNPROVEN,UNPROVEN,,,,,,,
SGX2_HELDOUT_unknown_vertical_datum_007,heldout,atomic,unknown_vertical_datum,UNPROVEN,UNPROVEN,,,,,,,
SGX2_HELDOUT_unknown_vertical_datum_008,heldout,adversarial,unknown_vertical_datum,UNPROVEN,UNPROVEN,,,,,,,
SGX2_HELDOUT_unknown_vertical_datum_009,heldout,atomic,unknown_vertical_datum,PROVEN,PROVEN,,,,,,,
SGX2_HELDOUT_unknown_vertical_datum_010,heldout,atomic,unknown_vertical_datum,UNPROVEN,UNPROVEN,,,,,,,
SGX2_HELDOUT_unknown_vertical_datum_011,heldout,atomic,unknown_vertical_datum,UNPROVEN,UNPROVEN,,,,,,,
SGX2_HELDOUT_unknown_vertical_datum_012,heldout,compositional,unknown_vertical_datum,PROVEN,PROVEN,,,,,,,
SGX2_HELDOUT_unknown_vertical_datum_013,heldout,compositional,unknown_vertical_datum,UNPROVEN,UNPROVEN,,,,,,,
SGX2_HELDOUT_unknown_vertical_datum_014,heldout,adversarial,unknown_vertical_datum,PROVEN,PROVEN,,,,,,,
SGX2_HELDOUT_unknown_vertical_datum_015,heldout,compositional,unknown_vertical_datum,UNPROVEN,UNPROVEN,,,,,,,
SGX2_HELDOUT_unknown_vertical_datum_016,heldout,compositional,unknown_vertical_datum,PROVEN,PROVEN,,,,,,,
SGX2_HELDOUT_unknown_vertical_datum_017,heldout,compositional,unknown_vertical_datum,UNPROVEN,UNPROVEN,,,,,,,
SGX2_HELDOUT_unknown_vertical_datum_018,heldout,compositional,unknown_vertical_datum,UNPROVEN,UNPROVEN,,,,,,,
SGX2_HELDOUT_unknown_vertical_datum_019,heldout,adversarial,unknown_vertical_datum,PROVEN,PROVEN,,,,,,,
SGX2_HELDOUT_unknown_vertical_datum_020,heldout,compositional,unknown_vertical_datum,PROVEN,PROVEN,,,,,,,
SGX2_HELDOUT_unknown_vertical_datum_021,heldout,adversarial,unknown_vertical_datum,UNPROVEN,UNPROVEN,,,,,,,
SGX2_HELDOUT_unknown_vertical_datum_022,heldout,adversarial,unknown_vertical_datum,PROVEN,PROVEN,,,,,,,
SGX2_HELDOUT_unknown_vertical_datum_023,heldout,adversarial,unknown_vertical_datum,UNPROVEN,UNPROVEN,,,,,,,
SGX2_HELDOUT_uncertainty_missing_000,heldout,adversarial,uncertainty_missing,UNPROVEN,UNPROVEN,,,,,,,
SGX2_HELDOUT_uncertainty_missing_001,heldout,compositional,uncertainty_missing,UNPROVEN,UNPROVEN,,,,,,,
SGX2_HELDOUT_uncertainty_missing_002,heldout,adversarial,uncertainty_missing,UNPROVEN,UNPROVEN,,,,,,,
SGX2_HELDOUT_uncertainty_missing_003,heldout,compositional,uncertainty_missing,UNPROVEN,UNPROVEN,,,,,,,
SGX2_HELDOUT_uncertainty_missing_004,heldout,adversarial,uncertainty_missing,UNPROVEN,UNPROVEN,,,,,,,
SGX2_HELDOUT_uncertainty_missing_005,heldout,atomic,uncertainty_missing,PROVEN,PROVEN,,,,,,,
SGX2_HELDOUT_uncertainty_missing_006,heldout,adversarial,uncertainty_missing,UNPROVEN,UNPROVEN,,,,,,,
SGX2_HELDOUT_uncertainty_missing_007,heldout,adversarial,uncertainty_missing,UNPROVEN,UNPROVEN,,,,,,,
SGX2_HELDOUT_uncertainty_missing_008,heldout,atomic,uncertainty_missing,UNPROVEN,UNPROVEN,,,,,,,
SGX2_HELDOUT_uncertainty_missing_009,heldout,adversarial,uncertainty_missing,UNPROVEN,UNPROVEN,,,,,,,
SGX2_HELDOUT_uncertainty_missing_010,heldout,atomic,uncertainty_missing,PROVEN,PROVEN,,,,,,,
SGX2_HELDOUT_uncertainty_missing_011,heldout,compositional,uncertainty_missing,PROVEN,PROVEN,,,,,,,
SGX2_HELDOUT_uncertainty_missing_012,heldout,adversarial,uncertainty_missing,PROVEN,PROVEN,,,,,,,
SGX2_HELDOUT_uncertainty_missing_013,heldout,compositional,uncertainty_missing,UNPROVEN,UNPROVEN,,,,,,,
SGX2_HELDOUT_uncertainty_missing_014,heldout,compositional,uncertainty_missing,UNPROVEN,UNPROVEN,,,,,,,
SGX2_HELDOUT_uncertainty_missing_015,heldout,adversarial,uncertainty_missing,PROVEN,PROVEN,,,,,,,
SGX2_HELDOUT_uncertainty_missing_016,heldout,compositional,uncertainty_missing,UNPROVEN,UNPROVEN,,,,,,,
SGX2_HELDOUT_uncertainty_missing_017,heldout,atomic,uncertainty_missing,UNPROVEN,UNPROVEN,,,,,,,
SGX2_HELDOUT_uncertainty_missing_018,heldout,adversarial,uncertainty_missing,UNPROVEN,UNPROVEN,,,,,,,
SGX2_HELDOUT_uncertainty_missing_019,heldout,atomic,uncertainty_missing,UNPROVEN,UNPROVEN,,,,,,,
SGX2_HELDOUT_uncertainty_missing_020,heldout,compositional,uncertainty_missing,UNPROVEN,UNPROVEN,,,,,,,
SGX2_HELDOUT_uncertainty_missing_021,heldout,atomic,uncertainty_missing,UNPROVEN,UNPROVEN,,,,,,,
SGX2_HELDOUT_uncertainty_missing_022,heldout,compositional,uncertainty_missing,UNPROVEN,UNPROVEN,,,,,,,
SGX2_HELDOUT_uncertainty_missing_023,heldout,adversarial,uncertainty_missing,UNPROVEN,UNPROVEN,,,,,,,
