case_id,frozen_prediction,generated_expected,matches_generated_label,n_findings
SGX3_BLIND_flood_depth_011,REFUTED,REFUTED,True,1
SGX3_BLIND_flood_depth_034,REFUTED,REFUTED,True,2
SGX3_BLIND_eo_ml_validation_049,REFUTED,REFUTED,True,1
SGX3_HELDOUT-FAMILY_unit_dimension_mismatch_002,PROVEN,PROVEN,True,0
SGX3_BLIND_flood_remote_sensing_017,REFUTED,REFUTED,True,1
SGX3_BLIND_landcover_change_013,REFUTED,REFUTED,True,1
SGX3_BLIND_flood_remote_sensing_005,REFUTED,REFUTED,True,1
SGX3_HELDOUT-FAMILY_scene_overlap_leakage_009,REFUTED,REFUTED,True,1
SGX3_BLIND_landcover_change_011,REFUTED,REFUTED,True,1
SGX3_BLIND_landslide_forecast_003,REFUTED,REFUTED,True,2
SGX3_DEVELOPMENT_future_information_002,PROVEN,PROVEN,True,0
SGX3_DEVELOPMENT_categorical_interpolation_003,PROVEN,PROVEN,True,0
SGX3_DEVELOPMENT_unsupported_resolution_gain_000,PROVEN,PROVEN,True,0
SGX3_BLIND_flood_depth_043,REFUTED,REFUTED,True,1
SGX3_BLIND_flood_remote_sensing_018,REFUTED,REFUTED,True,1
SGX3_BLIND_eo_ml_validation_015,REFUTED,REFUTED,True,1
SGX3_BLIND_landcover_change_042,REFUTED,REFUTED,True,2
SGX3_DEVELOPMENT_spatial_split_leakage_000,PROVEN,PROVEN,True,0
SGX3_BLIND_eo_ml_validation_013,PROVEN,PROVEN,True,0
SGX3_HELDOUT-FAMILY_missing_provenance_001,PROVEN,PROVEN,True,0
SGX3_HELDOUT-FAMILY_categorical_mean_aggregation_002,REFUTED,REFUTED,True,1
SGX3_DEVELOPMENT_future_information_006,REFUTED,REFUTED,True,1
SGX3_BLIND_landcover_change_025,REFUTED,REFUTED,True,2
SGX3_BLIND_landslide_forecast_022,REFUTED,REFUTED,True,2
SGX3_BLIND_flood_depth_039,REFUTED,REFUTED,True,2
SGX3_HELDOUT-FAMILY_uncertainty_missing_009,PROVEN,PROVEN,True,0
SGX3_BLIND_eo_ml_validation_032,REFUTED,REFUTED,True,1
SGX3_BLIND_eo_ml_validation_030,REFUTED,REFUTED,True,1
SGX3_BLIND_eo_ml_validation_021,PROVEN,PROVEN,True,0
SGX3_BLIND_landcover_change_018,REFUTED,REFUTED,True,2
SGX3_DEVELOPMENT_unsupported_resolution_gain_008,REFUTED,REFUTED,True,1
SGX3_HELDOUT-FAMILY_physical_range_violation_009,PROVEN,PROVEN,True,0
SGX3_DEVELOPMENT_spatial_split_leakage_006,PROVEN,PROVEN,True,0
SGX3_BLIND_landslide_forecast_021,REFUTED,REFUTED,True,2
SGX3_BLIND_flood_remote_sensing_003,REFUTED,REFUTED,True,1
SGX3_DEVELOPMENT_band_grid_mismatch_002,REFUTED,REFUTED,True,1
SGX3_HELDOUT-FAMILY_scene_overlap_leakage_005,REFUTED,REFUTED,True,1
SGX3_BLIND_eo_ml_validation_022,REFUTED,REFUTED,True,1
SGX3_HELDOUT-FAMILY_physical_range_violation_002,REFUTED,REFUTED,True,1
SGX3_DEVELOPMENT_angular_area_002,REFUTED,REFUTED,True,1
SGX3_HELDOUT-FAMILY_physical_range_violation_010,PROVEN,PROVEN,True,0
SGX3_DEVELOPMENT_band_grid_mismatch_000,REFUTED,REFUTED,True,1
SGX3_BLIND_flood_remote_sensing_011,REFUTED,REFUTED,True,1
SGX3_DEVELOPMENT_processing_level_003,REFUTED,REFUTED,True,1
SGX3_BLIND_landcover_change_022,REFUTED,REFUTED,True,1
SGX3_DEVELOPMENT_nodata_zero_000,PROVEN,PROVEN,True,0
SGX3_DEVELOPMENT_processing_level_001,REFUTED,REFUTED,True,1
SGX3_BLIND_flood_depth_006,UNPROVEN,UNPROVEN,True,1
SGX3_BLIND_flood_remote_sensing_031,REFUTED,REFUTED,True,1
SGX3_DEVELOPMENT_future_information_007,REFUTED,REFUTED,True,1
SGX3_BLIND_flood_remote_sensing_000,REFUTED,REFUTED,True,1
SGX3_BLIND_eo_ml_validation_043,REFUTED,REFUTED,True,1
SGX3_BLIND_flood_remote_sensing_046,REFUTED,REFUTED,True,2
SGX3_BLIND_eo_ml_validation_036,REFUTED,REFUTED,True,1
SGX3_HELDOUT-FAMILY_uncertainty_missing_003,PROVEN,PROVEN,True,0
SGX3_BLIND_flood_depth_002,REFUTED,REFUTED,True,2
SGX3_BLIND_flood_remote_sensing_014,REFUTED,REFUTED,True,2
SGX3_HELDOUT-FAMILY_uncertainty_missing_014,PROVEN,PROVEN,True,0
SGX3_DEVELOPMENT_unsupported_resolution_gain_004,PROVEN,PROVEN,True,0
SGX3_DEVELOPMENT_categorical_interpolation_004,PROVEN,PROVEN,True,0
SGX3_BLIND_flood_remote_sensing_025,PROVEN,PROVEN,True,0
SGX3_BLIND_landslide_forecast_025,REFUTED,REFUTED,True,2
SGX3_BLIND_eo_ml_validation_018,PROVEN,PROVEN,True,0
SGX3_HELDOUT-FAMILY_unit_dimension_mismatch_003,PROVEN,PROVEN,True,0
SGX3_DEVELOPMENT_processing_level_002,PROVEN,PROVEN,True,0
SGX3_BLIND_eo_ml_validation_040,REFUTED,REFUTED,True,1
SGX3_BLIND_landcover_change_007,REFUTED,REFUTED,True,1
SGX3_BLIND_flood_remote_sensing_020,REFUTED,REFUTED,True,1
SGX3_BLIND_eo_ml_validation_031,REFUTED,REFUTED,True,1
SGX3_DEVELOPMENT_angular_area_007,PROVEN,PROVEN,True,0
SGX3_BLIND_landslide_forecast_036,REFUTED,REFUTED,True,3
SGX3_HELDOUT-FAMILY_uncertainty_missing_001,PROVEN,PROVEN,True,0
SGX3_DEVELOPMENT_cloud_mask_missing_001,REFUTED,REFUTED,True,1
SGX3_BLIND_landslide_forecast_028,REFUTED,REFUTED,True,3
SGX3_BLIND_landslide_forecast_010,PROVEN,PROVEN,True,0
SGX3_BLIND_landslide_forecast_045,REFUTED,REFUTED,True,2
SGX3_BLIND_landcover_change_037,REFUTED,REFUTED,True,1
SGX3_BLIND_landslide_forecast_000,UNPROVEN,UNPROVEN,True,1
SGX3_BLIND_landcover_change_041,REFUTED,REFUTED,True,2
SGX3_BLIND_landcover_change_043,REFUTED,REFUTED,True,1
SGX3_HELDOUT-FAMILY_multisensor_time_mismatch_004,PROVEN,PROVEN,True,0
SGX3_BLIND_eo_ml_validation_027,REFUTED,REFUTED,True,1
SGX3_DEVELOPMENT_spatial_split_leakage_009,PROVEN,PROVEN,True,0
SGX3_DEVELOPMENT_rate_mean_as_accumulation_003,REFUTED,REFUTED,True,1
SGX3_BLIND_eo_ml_validation_010,PROVEN,PROVEN,True,0
SGX3_DEVELOPMENT_future_information_009,PROVEN,PROVEN,True,0
SGX3_HELDOUT-FAMILY_physical_range_violation_013,PROVEN,PROVEN,True,0
SGX3_BLIND_flood_remote_sensing_045,REFUTED,REFUTED,True,1
SGX3_DEVELOPMENT_future_information_004,PROVEN,PROVEN,True,0
SGX3_DEVELOPMENT_unsupported_resolution_gain_001,REFUTED,REFUTED,True,1
SGX3_DEVELOPMENT_categorical_interpolation_012,PROVEN,PROVEN,True,0
SGX3_HELDOUT-FAMILY_temporal_split_overlap_011,PROVEN,PROVEN,True,0
SGX3_DEVELOPMENT_categorical_interpolation_006,REFUTED,REFUTED,True,1
SGX3_BLIND_flood_remote_sensing_040,REFUTED,REFUTED,True,2
SGX3_DEVELOPMENT_unsupported_resolution_gain_013,REFUTED,REFUTED,True,1
SGX3_HELDOUT-FAMILY_uncertainty_missing_000,UNPROVEN,UNPROVEN,True,1
SGX3_HELDOUT-FAMILY_physical_range_violation_007,PROVEN,PROVEN,True,0
SGX3_HELDOUT-FAMILY_temporal_split_overlap_003,REFUTED,REFUTED,True,1
SGX3_DEVELOPMENT_DSM_as_DTM_000,PROVEN,PROVEN,True,0
SGX3_HELDOUT-FAMILY_uncertainty_missing_012,PROVEN,PROVEN,True,0
SGX3_HELDOUT-FAMILY_temporal_split_overlap_000,REFUTED,REFUTED,True,1
SGX3_DEVELOPMENT_future_information_000,PROVEN,PROVEN,True,0
SGX3_BLIND_landcover_change_028,REFUTED,REFUTED,True,2
SGX3_DEVELOPMENT_future_information_008,PROVEN,PROVEN,True,0
SGX3_BLIND_landslide_forecast_016,REFUTED,REFUTED,True,3
SGX3_HELDOUT-FAMILY_rate_sum_without_duration_005,PROVEN,PROVEN,True,0
SGX3_HELDOUT-FAMILY_multisensor_time_mismatch_008,REFUTED,REFUTED,True,1
SGX3_BLIND_flood_depth_027,REFUTED,REFUTED,True,2
SGX3_BLIND_flood_depth_024,REFUTED,REFUTED,True,1
SGX3_HELDOUT-FAMILY_scene_overlap_leakage_012,REFUTED,REFUTED,True,1
SGX3_BLIND_eo_ml_validation_017,REFUTED,REFUTED,True,1
SGX3_HELDOUT-FAMILY_vertical_datum_mismatch_002,REFUTED,REFUTED,True,1
SGX3_HELDOUT-FAMILY_missing_provenance_000,UNPROVEN,UNPROVEN,True,1
SGX3_DEVELOPMENT_spectral_role_001,REFUTED,REFUTED,True,1
SGX3_HELDOUT-FAMILY_uncertainty_missing_008,PROVEN,PROVEN,True,0
SGX3_BLIND_landcover_change_047,REFUTED,REFUTED,True,2
SGX3_BLIND_flood_depth_032,REFUTED,REFUTED,True,1
SGX3_BLIND_eo_ml_validation_047,REFUTED,REFUTED,True,1
SGX3_DEVELOPMENT_unsupported_resolution_gain_015,PROVEN,PROVEN,True,0
SGX3_HELDOUT-FAMILY_multisensor_time_mismatch_010,REFUTED,REFUTED,True,1
SGX3_DEVELOPMENT_angular_area_005,PROVEN,PROVEN,True,0
SGX3_BLIND_flood_depth_012,REFUTED,REFUTED,True,2
SGX3_HELDOUT-FAMILY_scene_overlap_leakage_010,REFUTED,REFUTED,True,1
SGX3_BLIND_flood_remote_sensing_049,PROVEN,PROVEN,True,0
SGX3_BLIND_flood_depth_029,REFUTED,REFUTED,True,1
SGX3_HELDOUT-FAMILY_temporal_split_overlap_006,PROVEN,PROVEN,True,0
SGX3_HELDOUT-FAMILY_physical_range_violation_000,REFUTED,REFUTED,True,1
SGX3_BLIND_flood_depth_041,REFUTED,REFUTED,True,1
SGX3_HELDOUT-FAMILY_vertical_datum_mismatch_000,REFUTED,REFUTED,True,1
SGX3_DEVELOPMENT_categorical_interpolation_010,REFUTED,REFUTED,True,1
SGX3_HELDOUT-FAMILY_scene_overlap_leakage_004,REFUTED,REFUTED,True,1
SGX3_BLIND_flood_remote_sensing_007,REFUTED,REFUTED,True,1
SGX3_HELDOUT-FAMILY_temporal_split_overlap_005,PROVEN,PROVEN,True,0
SGX3_BLIND_landcover_change_012,REFUTED,REFUTED,True,2
SGX3_DEVELOPMENT_unsupported_resolution_gain_014,REFUTED,REFUTED,True,1
SGX3_HELDOUT-FAMILY_scene_overlap_leakage_006,REFUTED,REFUTED,True,1
SGX3_BLIND_flood_remote_sensing_002,REFUTED,REFUTED,True,2
SGX3_DEVELOPMENT_nodata_zero_001,REFUTED,REFUTED,True,1
SGX3_BLIND_landcover_change_032,REFUTED,REFUTED,True,1
SGX3_DEVELOPMENT_rate_mean_as_accumulation_004,PROVEN,PROVEN,True,0
SGX3_BLIND_flood_remote_sensing_012,REFUTED,REFUTED,True,2
SGX3_BLIND_landcover_change_005,REFUTED,REFUTED,True,1
SGX3_DEVELOPMENT_band_grid_mismatch_001,PROVEN,PROVEN,True,0
SGX3_BLIND_flood_depth_033,PROVEN,PROVEN,True,0
SGX3_BLIND_flood_depth_045,PROVEN,PROVEN,True,0
SGX3_DEVELOPMENT_categorical_interpolation_002,PROVEN,PROVEN,True,0
SGX3_HELDOUT-FAMILY_vertical_datum_unknown_001,PROVEN,PROVEN,True,0
SGX3_DEVELOPMENT_unsupported_resolution_gain_009,PROVEN,PROVEN,True,0
SGX3_HELDOUT-FAMILY_temporal_split_overlap_002,REFUTED,REFUTED,True,1
SGX3_DEVELOPMENT_unsupported_resolution_gain_012,PROVEN,PROVEN,True,0
SGX3_DEVELOPMENT_spectral_role_002,PROVEN,PROVEN,True,0
SGX3_BLIND_flood_depth_020,REFUTED,REFUTED,True,2
SGX3_HELDOUT-FAMILY_scene_overlap_leakage_001,PROVEN,PROVEN,True,0
SGX3_DEVELOPMENT_spectral_role_000,REFUTED,REFUTED,True,1
SGX3_BLIND_flood_remote_sensing_022,REFUTED,REFUTED,True,1
SGX3_BLIND_landslide_forecast_034,REFUTED,REFUTED,True,1
SGX3_BLIND_landslide_forecast_030,REFUTED,REFUTED,True,2
SGX3_BLIND_landcover_change_017,REFUTED,REFUTED,True,2
SGX3_HELDOUT-FAMILY_temporal_split_overlap_015,PROVEN,PROVEN,True,0
SGX3_BLIND_flood_depth_021,REFUTED,REFUTED,True,1
SGX3_BLIND_flood_depth_014,REFUTED,REFUTED,True,2
SGX3_DEVELOPMENT_spatial_split_leakage_002,REFUTED,REFUTED,True,1
SGX3_HELDOUT-FAMILY_rate_sum_without_duration_002,REFUTED,REFUTED,True,1
SGX3_BLIND_eo_ml_validation_039,REFUTED,REFUTED,True,1
SGX3_HELDOUT-FAMILY_multisensor_time_mismatch_014,REFUTED,REFUTED,True,1
SGX3_DEVELOPMENT_unsupported_resolution_gain_010,REFUTED,REFUTED,True,1
SGX3_BLIND_flood_remote_sensing_041,REFUTED,REFUTED,True,1
SGX3_BLIND_flood_depth_007,PROVEN,PROVEN,True,0
SGX3_BLIND_landcover_change_044,PROVEN,PROVEN,True,0
SGX3_BLIND_eo_ml_validation_014,PROVEN,PROVEN,True,0
SGX3_HELDOUT-FAMILY_uncertainty_missing_011,PROVEN,PROVEN,True,0
SGX3_BLIND_flood_depth_026,REFUTED,REFUTED,True,2
SGX3_BLIND_landcover_change_001,PROVEN,PROVEN,True,0
SGX3_BLIND_flood_remote_sensing_035,REFUTED,REFUTED,True,2
SGX3_DEVELOPMENT_angular_area_009,PROVEN,PROVEN,True,0
SGX3_BLIND_eo_ml_validation_004,PROVEN,PROVEN,True,0
SGX3_HELDOUT-FAMILY_quality_metadata_loss_001,PROVEN,PROVEN,True,0
SGX3_HELDOUT-FAMILY_multisensor_time_mismatch_013,PROVEN,PROVEN,True,0
SGX3_HELDOUT-FAMILY_scene_overlap_leakage_011,REFUTED,REFUTED,True,1
SGX3_BLIND_landslide_forecast_006,REFUTED,REFUTED,True,1
