system,class,n_truth,precision,recall,f1
Strong_Qwen_7B,PROVEN,64,0.36507936507936506,0.71875,0.4842105263157895
Strong_Qwen_7B,REFUTED,112,0.6296296296296297,0.30357142857142855,0.4096385542168675
Strong_Qwen_7B,UNPROVEN,4,0.0,0.0,0.0
Strong_Mistral_7B,PROVEN,64,0.3779527559055118,0.75,0.5026178010471204
Strong_Mistral_7B,REFUTED,112,0.7037037037037037,0.16964285714285715,0.2733812949640288
Strong_Mistral_7B,UNPROVEN,4,0.07692307692307693,0.5,0.13333333333333336
SciGeoGuard_X,PROVEN,64,1.0,1.0,1.0
SciGeoGuard_X,REFUTED,112,1.0,1.0,1.0
SciGeoGuard_X,UNPROVEN,4,1.0,1.0,1.0
